Acer beTouch E101,2009,GPS
Acer beTouch E110 American version,2010,GPS
Acer beTouch E120 American version,2010,GPS
Acer beTouch E120,2010,GPS
Acer beTouch E140,2010,GPS
Acer beTouch E200,2009,GPS
Acer beTouch E400 American version,2010,GPS
Acer beTouch E400,2010,GPS
Acer F900,2009,GPS
Acer Iconia A1,2013,GPS
Acer Iconia B1,2013,GPS
Acer Iconia One 8,2016,GPS
Acer ICONIA SMART,2011,GPS
Acer Iconia Tab 7 A1-713HD,2014,GPS
Acer Iconia Tab 7 A1-713,2014,GPS
Acer ICONIA TAB A100,2011,GPS
Acer ICONIA TAB A200,2012,GPS
Acer ICONIA TAB A500,2011,GPS
Acer ICONIA TAB A501,2011,GPS
Acer Iconia Tab A510,2012,GPS
Acer Iconia Tab A700,2012,GPS
Acer Iconia Talk S,2016,GPS
Acer Iconia W510,2012,GPS
Acer Iconia W700,2012,GPS
Acer Liquid E2,2013,GPS
Acer Liquid E3,2014,GPS
Acer Liquid e,2010,GPS
Acer Liquid Gallant Duo,2012,GPS
Acer Liquid Gallant,2012,GPS
Acer Liquid Glow,2012,GPS
Acer Liquid Jade Primo,2015,GPS
Acer Liquid M330,2015,GPS
Acer Liquid Metal American version,2010,GPS
Acer Liquid S1,2013,GPS
Acer Liquid Z330,2015,GPS
Acer Liquid Z3,2013,GPS
Acer Liquid Z410,2015,GPS
Acer Liquid Z4,2014,GPS
Acer Liquid Z500,2014,GPS
Acer Liquid Z530S,2015,GPS
Acer Liquid Z530,2015,GPS
Acer Liquid Z5,2014,GPS
Acer Liquid Z6 Plus,2016,GPS
Acer Liquid Z630S,2015,GPS
Acer Liquid Z630,2015,GPS
Acer Liquid Z6,2016,GPS
Acer Liquid Zest Plus,2016,GPS
Acer liquidmini,2011,GPS
Acer Liquid,2009,GPS
Acer M900,2009,GPS
Acer neoTouch P300,2010,GPS
Acer neoTouch P400 American version,2010,GPS
Acer neoTouch P400,2010,GPS
Acer neoTouch,2009,GPS
Acer Predator 8,2015,GPS
Acer Stream,2010,GPS
Acer X960,2009,GPS
Airo Wireless A25is,2009,GPS
Alcatel 1030,2013,GPS
Alcatel A3 XL,2017,GPS
Alcatel A30 Fierce,2017,GPS
Alcatel A30 Plus,2017,GPS
Alcatel A30 Tablet,2017,GPS
Alcatel A30,2017,GPS
Alcatel A3,2017,GPS
Alcatel A5 LED,2017,GPS
Alcatel A50,2017,GPS
Alcatel A7 XL,2017,GPS
Alcatel A7,2017,GPS
Alcatel Dawn,2016,GPS
Alcatel Fierce 4,2016,GPS
Alcatel Idol 4S with Windows,2016,GPS
Alcatel Idol 4s,2016,GPS
Alcatel Idol 4,2016,GPS
Alcatel Idol 5S,2017,GPS
Alcatel IDOL 5,2017,GPS
Alcatel Lume,2016,GPS
Alcatel OneTouch 988 Shockwave,2012,GPS
Alcatel OneTouch Conquest,2015,GPS
Alcatel OneTouch Elevate,2015,GPS
Alcatel OneTouch EVO 7 HD,2013,GPS
Alcatel OneTouch EVO 7,2013,GPS
Alcatel OneTouch EVO 8HD,2013,GPS
Alcatel OneTouch Fierce XL,2015,GPS
Alcatel OneTouch Fierce,2013,GPS
Alcatel OneTouch Fire C,2014,GPS
Alcatel OneTouch Fire S,2014,GPS
Alcatel OneTouch Fire,2013,GPS
Alcatel OneTouch Flash Plus,2015,GPS
Alcatel OneTouch Flash,2014,GPS
Alcatel OneTouch GO PLAY,2015,GPS
Alcatel OneTouch Hero 2+,2015,GPS
Alcatel OneTouch Hero,2014,GPS
Alcatel OneTouch Idol 2 mini,2014,GPS
Alcatel OneTouch Idol 2 S,2014,GPS
Alcatel OneTouch Idol 2,2014,GPS
Alcatel OneTouch IDOL 3 (4.7&quot;),2015,GPS
Alcatel OneTouch IDOL 3C,2015,GPS
Alcatel OneTouch Idol Alpha,2014,GPS
Alcatel OneTouch Idol Mini,2013,GPS
Alcatel OneTouch Idol S,2013,GPS
Alcatel OneTouch Idol Ultra,2013,GPS
Alcatel OneTouch Idol X,2013,GPS
Alcatel OneTouch Idol X+,2013,GPS
Alcatel OneTouch Idol,2013,GPS
Alcatel OneTouch Mâ€™Pop,2013,GPS
Alcatel OneTouch PIXI 3 (10),2015,GPS
Alcatel OneTouch PIXI 3 (4.5),2015,GPS
Alcatel OneTouch PIXI 3 (4),2015,GPS
Alcatel OneTouch PIXI 3 (7&quot;),2015,GPS
Alcatel OneTouch PIXI 3 (8&quot;),2015,GPS
Alcatel OneTouch PIXI 7,2014,GPS
Alcatel OneTouch PIXI First,2015,GPS
Alcatel OneTouch Pop 2 (4),2015,GPS
Alcatel OneTouch POP 2 (5) Premium,2015,GPS
Alcatel OneTouch POP 2 (5),2015,GPS
Alcatel OneTouch POP 7S,2014,GPS
Alcatel OneTouch POP C3,2014,GPS
Alcatel OneTouch POP C5,2013,GPS
Alcatel OneTouch POP C7,2014,GPS
Alcatel OneTouch POP C9,2014,GPS
Alcatel OneTouch POP FIT,2014,GPS
Alcatel OneTouch POP S3,2014,GPS
Alcatel OneTouch POP S7,2014,GPS
Alcatel OneTouch POP S9,2014,GPS
Alcatel OneTouch POP Star (3G),2015,GPS
Alcatel OneTouch POP Star (4G),2015,GPS
Alcatel OneTouch POP UP,2015,GPS
Alcatel OneTouch Scribe Easy,2013,GPS
Alcatel OneTouch Scribe HD,2013,GPS
Alcatel OneTouch Snap LTE,2013,GPS
Alcatel OneTouch Snap,2013,GPS
Alcatel OneTouch S'Pop,2013,GPS
Alcatel OneTouch Star,2013,GPS
Alcatel OneTouch Tab 7 HD,2013,GPS
Alcatel OneTouch Tab 7,2013,GPS
Alcatel OneTouch Tab 8 HD,2013,GPS
Alcatel OneTouch T'Pop,2013,GPS
Alcatel OneTouch X'Pop,2013,GPS
Alcatel OT-S211A,2008,GPS
Alcatel OT-S520,2008,GPS
Alcatel OT-V270A,2008,GPS
Alcatel OT-V670A,2008,GPS
Alcatel Pixi 3 (8) 4G,2016,GPS
Alcatel Pixi 4 (3.5),2016,GPS
Alcatel Pixi 4 (4),2016,GPS
Alcatel Pixi 4 (6),2016,GPS
Alcatel Pixi 4 (7),2016,GPS
Alcatel Pixi 4 Plus Power,2016,GPS
Alcatel PLUS 10,2016,GPS
Alcatel PLUS 12,2017,GPS
Alcatel POP 4 (6),2016,GPS
Alcatel POP 4s,2016,GPS
Alcatel POP 4,2016,GPS
Alcatel POP 4+,2016,GPS
Alcatel POP 7 LTE,2016,GPS
Alcatel QuickFlip,2017,GPS
Alcatel SHINE LITE,2016,GPS
Alcatel Streak,2016,GPS
Alcatel Tru,2016,GPS
Alcatel U5 HD,2017,GPS
Alcatel U5,2017,GPS
Amazon Fire HD 10,2015,GPS
Amazon Fire HD 6,2014,GPS
Amazon Fire HD 7,2014,GPS
Amazon Fire HD 8,2015,GPS
Amazon Fire HDX 8.9,2014,GPS
Amazon Fire Phone,2014,GPS
Amazon Fire,2015,GPS
Amazon Kindle Fire 2,2012,GPS
Amazon Kindle Fire HD (2013),2013,GPS
Amazon Kindle Fire HD 8.9,2012,GPS
Amazon Kindle Fire HD 8.9 4G LTE,2012,GPS
Amazon Kindle Fire HDX 7,2013,GPS
Amazon Kindle Fire HDX 8.9,2013,GPS
Amazon Kindle Fire HD,2012,GPS
Amazon Kindle Fire,2011,GPS
Amoi WMA8512,2011,GPS
Apple iPad 2 Verizon,2011,GPS
Apple iPad 2 Wi-Fi,2011,GPS
Apple iPad 2,2011,GPS
Apple iPad 3 AT&amp;T,2012,GPS
Apple iPad 3 Verizon,2012,GPS
Apple iPad 3,2012,GPS
Apple iPad 4,2012,GPS
Apple iPad 9.7-inch,2017,GPS
Apple iPad Air 2,2014,GPS
Apple iPad Air,2013,GPS
Apple iPad mini 2,2013,GPS
Apple iPad mini 3,2014,GPS
Apple iPad mini 4,2015,GPS
Apple iPad mini,2012,GPS
Apple iPad Pro 10.5-inch,2017,GPS
Apple iPad Pro 12.9-inch,2017,GPS
Apple iPad Pro 9.7-inch,2016,GPS
Apple iPad Pro,2015,GPS
Apple iPad Wi-Fi,2010,GPS
Apple iPad,2010,GPS
Apple iPhone 3GS,2009,GPS
Apple iPhone 3G,2008,GPS
Apple iPhone 4 Verizon,2011,GPS
Apple iPhone 4s,2011,GPS
Apple iPhone 4,2010,GPS
Apple iPhone 5c,2013,GPS
Apple iPhone 5s,2013,GPS
Apple iPhone 5,2012,GPS
Apple iPhone 6 Plus,2014,GPS
Apple iPhone 6s Plus,2015,GPS
Apple iPhone 6s,2015,GPS
Apple iPhone 6,2014,GPS
Apple iPhone 7 Plus,2016,GPS
Apple iPhone 7,2016,GPS
Apple iPhone 8 Plus,2017,GPS
Apple iPhone 8,2017,GPS
Apple iPhone SE,2016,GPS
Apple iPhone X,2017,GPS
Apple iPhone,2007,GPS
Apple iPod touch 2nd generation,2008,GPS
Apple iPod touch 3rd generation,2009,GPS
Apple iPod touch 4th generation,2010,GPS
Apple iPod touch 5th generation,2012,GPS
Apple iPod touch,2007,GPS
ARCHOS 101 Titanium,2013,GPS
ARCHOS 101 XS 2,2013,GPS
ARCHOS 40b Titanium,2014,GPS
ARCHOS 50 Cesium,2015,GPS
ARCHOS 50 Diamond,2014,GPS
ARCHOS 50 Graphite,2017,GPS
ARCHOS 50 Helium Plus,2015,GPS
ARCHOS 50c Oxygen,2014,GPS
ARCHOS 55 Graphite,2017,GPS
ARCHOS 55 Helium Plus,2015,GPS
ARCHOS 64 Xenon,2014,GPS
ARCHOS 80 Helium 4G,2014,GPS
ARCHOS Diamond 2 Note,2016,GPS
ARCHOS Diamond Omega,2017,GPS
ARCHOS GamePad,2012,GPS
Asus Nexus 7 (2013),2013,GPS
Asus Eee Pad Slider,2011,GPS
Asus Eee Pad Transformer,2011,GPS
Asus FonePad 7 FE170CG,2014,GPS
Asus Fonepad 7 ME372CG,2013,GPS
Asus Fonepad,2013,GPS
Asus M530w,2007,GPS
Asus M930,2008,GPS
Asus MeMO Pad 8,2014,GPS
Asus MeMO Pad FHD 10,2013,GPS
Asus MeMO Pad Smart 10,2013,GPS
Asus MeMO Pad,2013,GPS
Asus P320,2008,GPS
Asus P527,2008,GPS
Asus P565,2008,GPS
Asus P835,2009,GPS
Asus Padfone 2,2012,GPS
Asus PadFone Infinity,2013,GPS
Asus PadFone mini,2014,GPS
Asus PadFone X,2014,GPS
Asus PadFone,2011,GPS
Asus Transformer Book T100 Chi,2015,GPS
Asus Transformer Book T300 Chi,2015,GPS
Asus Transformer Pad 300,2012,GPS
Asus Transformer Pad Infinity TF701T,2013,GPS
Asus Transformer Prime,2011,GPS
Asus VivoTab RT LTE,2012,GPS
Asus VivoTab,2012,GPS
Asus ZenFone 2 Laser 5.5-inch,2015,GPS
Asus Zenfone 2 Laser 6-inch,2015,GPS
Asus ZenFone 2 Laser (US),2015,GPS
Asus ZenFone 2 Laser,2015,GPS
Asus ZenFone 2E,2015,GPS
Asus ZenFone 2,2015,GPS
Asus ZenFone 3 Deluxe,2016,GPS
Asus ZenFone 3 Ultra,2016,GPS
Asus ZenFone 3 Zoom,2017,GPS
Asus Zenfone 3s Max,2017,GPS
Asus ZenFone 3,2016,GPS
Asus ZenFone 4 Max,2017,GPS
Asus ZenFone 4 Pro,2017,GPS
Asus ZenFone 4 Selfie Pro,2017,GPS
Asus ZenFone 4 Selfie,2017,GPS
Asus ZenFone 4,2017,GPS
Asus ZenFone 5,2014,GPS
Asus ZenFone AR,2017,GPS
Asus ZenFone Live,2017,GPS
Asus ZenFone Max,2015,GPS
Asus ZenFone Selfie,2015,GPS
Asus ZenFone V Live,2017,GPS
Asus ZenFone V,2017,GPS
Asus ZenFone Zoom,2015,GPS
Asus ZenPad 10,2017,GPS
Asus ZenPad 3S 10 LTE,2017,GPS
Asus ZenPad 3S 10 Z500M,2016,GPS
Asus ZenPad S 8.0,2015,GPS
Asus ZenPad Z10,2016,GPS
Asus ZenPad Z8s,2017,GPS
Asus ZenPad Z8,2016,GPS
AT&amp;T Avail,2011,GPS
AT&amp;T Impulse 4G,2011,GPS
Barnes &amp; Noble NOOK HD,2012,GPS
Barnes &amp; Noble NOOK HD+,2012,GPS
Barnes &amp; Noble NOOK Tablet,2011,GPS
Benq-Siemens C81,2006,GPS
Benq-Siemens CF61,2006,GPS
Benq-Siemens CL71,2006,GPS
Benq-Siemens E61,2006,GPS
Benq-Siemens E71,2006,GPS
Benq-Siemens E81,2006,GPS
Benq-Siemens EF51,2006,GPS
Benq-Siemens EF81,2006,GPS
Benq-Siemens EF91,2006,GPS
Benq-Siemens EL71,2006,GPS
Benq-Siemens P51,2006,GPS
Benq-Siemens S68,2006,GPS
Benq-Siemens S81,2006,GPS
Benq-Siemens S88,2006,GPS
Benq-Siemens SL91,2006,GPS
BlackBerry 4G PlayBook,2011,GPS
BlackBerry 8700 / 8700c / 8700g,2005,GPS
BlackBerry 8703e,2006,GPS
BlackBerry 8800,2007,GPS
BlackBerry 8820,2007,GPS
BlackBerry 8830,2007,GPS
BlackBerry Bold 9000,2008,GPS
BlackBerry Bold 9650,2010,GPS
BlackBerry Bold 9700 T-Mobile,2009,GPS
BlackBerry Bold 9700,2009,GPS
BlackBerry Bold 9780 T-Mobile,2010,GPS
BlackBerry Bold 9780,2010,GPS
BlackBerry Bold 9900,2011,GPS
BlackBerry Bold 9930,2011,GPS
BlackBerry Classic,2014,GPS
BlackBerry Curve 3G 9330,2010,GPS
BlackBerry Curve 3G T-Mobile,2010,GPS
BlackBerry Curve 3G,2010,GPS
BlackBerry Curve 8300,2007,GPS
BlackBerry Curve 8350i,2008,GPS
BlackBerry Curve 8520,2009,GPS
BlackBerry Curve 8530,2009,GPS
BlackBerry Curve 8900,2008,GPS
BlackBerry Curve 9220,2012,GPS
BlackBerry Curve 9310,2012,GPS
BlackBerry Curve 9315,2013,GPS
BlackBerry Curve 9320,2012,GPS
BlackBerry Curve 9350,2011,GPS
BlackBerry Curve 9360,2011,GPS
BlackBerry Curve 9370,2011,GPS
BlackBerry Curve 9380,2011,GPS
BlackBerry DTEK50,2016,GPS
BlackBerry DTEK60,2016,GPS
BlackBerry KEYone,2017,GPS
BlackBerry Leap,2015,GPS
BlackBerry Motion,2017,GPS
BlackBerry Pearl 3G,2010,GPS
BlackBerry Pearl 8100,2006,GPS
BlackBerry Pearl 8110,2008,GPS
BlackBerry Pearl 8130,2007,GPS
BlackBerry Pearl 9105,2010,GPS
BlackBerry Pearl Flip 8220,2008,GPS
BlackBerry Pearl Flip 8230,2009,GPS
BlackBerry PlayBook,2010,GPS
BlackBerry Porsche Design P'9981,2011,GPS
BlackBerry Porsche Design P'9983,2014,GPS
BlackBerry Q10,2013,GPS
BlackBerry Q5,2013,GPS
BlackBerry Storm 9500,2008,GPS
BlackBerry Storm 9530,2008,GPS
BlackBerry Storm2 9520,2009,GPS
BlackBerry Storm2 9550,2009,GPS
BlackBerry Style 9670,2010,GPS
BlackBerry Torch 9800,2010,GPS
BlackBerry Torch 9810,2011,GPS
BlackBerry Torch 9850,2011,GPS
BlackBerry Torch 9860,2011,GPS
BlackBerry Tour 9630,2009,GPS
BlackBerry Z10,2013,GPS
BlackBerry Z30,2013,GPS
BLU Dash 5.0+,2014,GPS
BLU Dash JR,2013,GPS
BLU Life 8 XL,2015,GPS
BLU Life One X2 Mini,2017,GPS
BLU Life One X3,2017,GPS
BLU Life X8,2015,GPS
BLU R1 HD,2016,GPS
BLU R1 Plus,2017,GPS
BLU R2 LTE,2017,GPS
BLU Star 4.5,2014,GPS
BLU Studio 7.0 LTE,2015,GPS
BLU Studio 7.0 II,2015,GPS
BLU Studio 5.5C,2015,GPS
BLU Studio 5.0,2013,GPS
BLU Studio C 5+5 LTE,2015,GPS
BLU Studio C HD,2016,GPS
BLU Studio C Super Camera,2015,GPS
BLU Studio mini LTE,2014,GPS
BLU Vivo 8,2017,GPS
BLU Vivo Air LTE,2015,GPS
BLU Vivo Air,2015,GPS
BLU Win HD LTE,2015,GPS
Casio G'zOne Commando 4G LTE,2013,GPS
Casio G'zOne Ravine 2,2011,GPS
CAT S31,2017,GPS
CAT S40,2015,GPS
CAT S41,2017,GPS
CAT S60,2016,GPS
Celkon A20,2012,GPS
Celkon C359,2012,GPS
Celkon C44,2011,GPS
Celkon C66,2011,GPS
Celkon CT711,2016,GPS
Coolpad Quattro 4G,2012,GPS
Cricket A100,2009,GPS
Cricket CAPTR II,2010,GPS
Cricket CAPTR,2009,GPS
Cricket MSGM8 II,2010,GPS
Cricket MSGM8,2009,GPS
Cricket TXTM8 3G,2010,GPS
Danger Sidekick iD,2007,GPS
Dell Latitude 10,2012,GPS
Dell Streak 7,2011,GPS
Dell Streak,2010,GPS
Dell Venue 8 (2014),2014,GPS
Dell Venue Pro,2010,GPS
Dell XPS 10,2012,GPS
Essential Phone,2017,GPS
Eten DX900,2008,GPS
Eten G500,2006,GPS
Eten G500+,2006,GPS
Eten M600+,2006,GPS
Eten M750,2008,GPS
Eten M810,2008,GPS
Eten V900,2008,GPS
Eten X500+,2007,GPS
Eten X600,2007,GPS
Eten X610,2008,GPS
Eten X650,2008,GPS
Eten X800,2007,GPS
Eten X900,2008,GPS
Fly Thunder 5 IQ4413,2015,GPS
Fly Thunder IQ4405 Quad,2015,GPS
Garmin-Asus nuvifone A10,2010,GPS
Garmin-Asus nuvifone A50,2010,GPS
Garmin-Asus nuvifone G60,2008,GPS
Garmin-Asus nuvifone M10,2010,GPS
Garmin-Asus nuvifone M20 US,2009,GPS
Garmin-Asus nuvifone M20,2009,GPS
GIGABYTE GSmart Classic Lite,2015,GPS
GIGABYTE GSmart Mika M3,2014,GPS
GIGABYTE GSmart MS800,2008,GPS
GIGABYTE GSmart MS820,2008,GPS
GIGABYTE GSmart S1200,2009,GPS
GIGABYTE GSmart Saga S3,2014,GPS
Gionee Elife E8,2015,GPS
Gionee Elife S7,2015,GPS
Gionee Marathon M5 Plus,2015,GPS
Gionee Marathon M5,2015,GPS
Gionee S6,2015,GPS
Gionee S8,2016,GPS
Gionee S9,2016,GPS
Google Nexus 10,2012,GPS
Google Nexus 4,2012,GPS
Google Nexus 5X,2015,GPS
Google Nexus 5,2013,GPS
Google Nexus 6P,2015,GPS
Google Nexus 6,2014,GPS
Google Nexus 7 (2013),2013,GPS
Google Nexus 7,2012,GPS
Google Nexus 9,2014,GPS
Google Nexus S 4G,2011,GPS
Google Nexus S,2010,GPS
Google Pixel 2 XL,2017,GPS
Google Pixel 2,2017,GPS
Google Pixel C,2015,GPS
Google Pixel XL,2016,GPS
Google Pixel,2016,GPS
Helio Ocean 2,2009,GPS
Honor 4C,2015,GPS
Honor 4X,2015,GPS
Honor 5C,2016,GPS
Honor 5X,2015,GPS
Honor 6A,2017,GPS
Honor 6C,2017,GPS
Honor 6x,2016,GPS
Honor 7 Lite,2016,GPS
Honor 7i,2015,GPS
Honor 7X,2017,GPS
Honor 7,2015,GPS
Honor 8 Lite,2017,GPS
Honor 8 Pro,2017,GPS
Honor 8,2016,GPS
Honor 9,2017,GPS
Honor Note 8,2016,GPS
Honor View 10,2017,GPS
HP Elite x3,2016,GPS
HP ElitePad 1000,2014,GPS
HP IPAQ 500,2007,GPS
HP iPAQ 600,2007,GPS
HP iPAQ 900,2007,GPS
HP iPAQ Glisten,2009,GPS
HP iPAQ hw6900,2006,GPS
HP Pre3 GSM,2011,GPS
HP Pre3,2011,GPS
HP ProPad 600,2014,GPS
HP Slate 7,2013,GPS
HP TouchPad 4G,2011,GPS
HP TouchPad,2011,GPS
HP Veer 4G,2011,GPS
HTC 10,2016,GPS
HTC 7 Mozart,2010,GPS
HTC 7 Pro CDMA,2010,GPS
HTC 7 Pro,2011,GPS
HTC 7 Trophy,2010,GPS
HTC 8XT,2013,GPS
HTC Amaze 4G,2011,GPS
HTC Aria,2010,GPS
HTC Arrive,2011,GPS
HTC Bolt,2016,GPS
HTC Butterfly,2013,GPS
HTC ChaCha,2011,GPS
HTC Desire 10 lifestyle,2016,GPS
HTC Desire 10 pro,2016,GPS
HTC Desire 200,2013,GPS
HTC Desire 210,2014,GPS
HTC Desire 300,2013,GPS
HTC Desire 310,2014,GPS
HTC Desire 320,2015,GPS
HTC Desire 500,2013,GPS
HTC Desire 510,2014,GPS
HTC Desire 516,2014,GPS
HTC Desire 520,2015,GPS
HTC Desire 526,2015,GPS
HTC Desire 530,2016,GPS
HTC Desire 555,2017,GPS
HTC Desire 600,2013,GPS
HTC Desire 601,2013,GPS
HTC Desire 610,2014,GPS
HTC Desire 616,2014,GPS
HTC Desire 626s,2015,GPS
HTC Desire 626,2015,GPS
HTC Desire 630,2016,GPS
HTC Desire 650,2016,GPS
HTC Desire 700,2014,GPS
HTC Desire 728,2015,GPS
HTC Desire 816,2014,GPS
HTC Desire 820,2014,GPS
HTC Desire 825,2016,GPS
HTC Desire CDMA,2010,GPS
HTC Desire C,2012,GPS
HTC Desire EYE,2014,GPS
HTC Desire HD,2010,GPS
HTC Desire P,2013,GPS
HTC Desire S,2011,GPS
HTC Desire V,2012,GPS
HTC Desire X,2012,GPS
HTC Desire Z American Version,2010,GPS
HTC Desire Z,2010,GPS
HTC Desire,2010,GPS
HTC DROID DNA,2012,GPS
HTC DROID ERIS,2009,GPS
HTC DROID Incredible 2,2011,GPS
HTC DROID Incredible 4G LTE,2012,GPS
HTC Droid Incredible,2010,GPS
HTC EVO 3D GSM,2011,GPS
HTC EVO 3D,2011,GPS
HTC EVO 4G LTE,2012,GPS
HTC EVO 4G,2010,GPS
HTC EVO Design 4G,2011,GPS
HTC EVO Shift 4G,2011,GPS
HTC EVO View 4G,2011,GPS
HTC Explorer,2011,GPS
HTC First,2013,GPS
HTC Flyer CDMA,2011,GPS
HTC Flyer Wi-Fi,2011,GPS
HTC Flyer,2011,GPS
HTC Freestyle,2011,GPS
HTC Gratia,2010,GPS
HTC HD mini,2010,GPS
HTC HD2 US,2010,GPS
HTC HD2,2009,GPS
HTC HD7S,2011,GPS
HTC HD7,2010,GPS
HTC Hero CDMA,2009,GPS
HTC Hero S,2011,GPS
HTC Hero,2009,GPS
HTC Hero,2009,GPS
HTC Imagio,2009,GPS
HTC Incredible S,2011,GPS
HTC Inspire 4G,2011,GPS
HTC Jetstream,2011,GPS
HTC Legend American version,2010,GPS
HTC Legend,2010,GPS
HTC Magic,2009,GPS
HTC MAX 4G,2008,GPS
HTC Merge,2011,GPS
HTC MTeoR,2006,GPS
HTC Nexus One US,2010,GPS
HTC Nexus One,2010,GPS
HTC One A9s,2016,GPS
HTC One (E8),2014,GPS
HTC One (M8),2014,GPS
HTC One M9,2015,GPS
HTC One M9+,2015,GPS
HTC One max,2013,GPS
HTC One mini 2,2014,GPS
HTC One S9,2016,GPS
HTC One SV LTE,2013,GPS
HTC One SV,2013,GPS
HTC One S,2012,GPS
HTC One V CDMA,2012,GPS
HTC One VX,2012,GPS
HTC One V,2012,GPS
HTC One X AT&amp;T,2012,GPS
HTC One X+ LTE,2012,GPS
HTC One X10,2017,GPS
HTC One X9,2015,GPS
HTC One X,2012,GPS
HTC One X+,2012,GPS
HTC One,2013,GPS
HTC Ozone,2009,GPS
HTC P3300 Artemis,2006,GPS
HTC P3350 Love,2007,GPS
HTC P3400 Gene,2007,GPS
HTC P3470,2008,GPS
HTC P4000 Titan,2007,GPS
HTC P6300 Panda,2007,GPS
HTC P6500,2007,GPS
HTC Prophet,2006,GPS
HTC Pure,2009,GPS
HTC Radar,2011,GPS
HTC Rezound,2011,GPS
HTC Rhyme,2011,GPS
HTC S522,2009,GPS
HTC S620 Excalibur,2006,GPS
HTC S710 Vox,2007,GPS
HTC S730,2007,GPS
HTC S740,2008,GPS
HTC S743,2009,GPS
HTC Salsa,2011,GPS
HTC Sensation 4G,2011,GPS
HTC Sensation XE,2011,GPS
HTC Sensation XL,2011,GPS
HTC Shift,2007,GPS
HTC Smart,2010,GPS
HTC Snap CDMA,2009,GPS
HTC Snap S510,2009,GPS
HTC Snap,2009,GPS
HTC Status,2011,GPS
HTC Surround,2010,GPS
HTC Tattoo,2009,GPS
HTC ThunderBolt,2011,GPS
HTC Tilt 2,2009,GPS
HTC Titan II,2012,GPS
HTC Titan,2011,GPS
HTC Touch 3G,2008,GPS
HTC Touch Cruise US,2009,GPS
HTC Touch Cruise,2007,GPS
HTC Touch Cruise,2009,GPS
HTC Touch Diamond CDMA,2008,GPS
HTC Touch Diamond2,2009,GPS
HTC Touch Diamond,2008,GPS
HTC Touch Dual US,2008,GPS
HTC Touch Dual,2007,GPS
HTC Touch HD,2008,GPS
HTC Touch Pro CDMA - Verizon,2008,GPS
HTC Touch Pro CDMA,2008,GPS
HTC Touch Pro2 CDMA,2009,GPS
HTC Touch Pro2 US,2009,GPS
HTC Touch Pro2,2009,GPS
HTC Touch Pro,2008,GPS
HTC Touch Viva,2008,GPS
HTC Touch2,2009,GPS
HTC Touch,2007,GPS
HTC Trophy,2011,GPS
HTC TyTN II,2007,GPS
HTC TyTN,2006,GPS
HTC U Play,2017,GPS
HTC U Ultra,2017,GPS
HTC U11 life,2017,GPS
HTC U11,2017,GPS
HTC U11+,2017,GPS
HTC Vivid,2011,GPS
HTC Wildfire CDMA,2010,GPS
HTC Wildfire S CDMA,2011,GPS
HTC Wildfire S T-Mobile,2011,GPS
HTC Wildfire S,2011,GPS
HTC Wildfire,2010,GPS
HTC Windows Phone 8S,2012,GPS
HTC Windows Phone 8X,2012,GPS
HTC X7510 Advantage,2008,GPS
Huawei 4Afrika,2013,GPS
Huawei Activa 4G,2012,GPS
Huawei Ascend D1 quad XL,2012,GPS
Huawei Ascend D1 quad,2012,GPS
Huawei Ascend D1,2012,GPS
Huawei Ascend D2,2013,GPS
Huawei Ascend G300,2012,GPS
Huawei ASCEND G510,2013,GPS
Huawei Ascend G525,2013,GPS
Huawei Ascend G526,2013,GPS
Huawei Ascend G600,2012,GPS
Huawei Ascend G610,2015,GPS
Huawei Ascend G620S,2014,GPS
Huawei Ascend G620,2014,GPS
Huawei Ascend G630,2014,GPS
Huawei Ascend G6,2014,GPS
Huawei Ascend G700,2013,GPS
Huawei Ascend G7,2014,GPS
Huawei Ascend II,2011,GPS
Huawei Ascend Mate 2 4G,2014,GPS
Huawei Ascend Mate7,2014,GPS
Huawei Ascend Mate,2013,GPS
Huawei Ascend P1 LTE,2012,GPS
Huawei Ascend P1 S,2012,GPS
Huawei Ascend P1,2012,GPS
Huawei Ascend P2,2013,GPS
Huawei Ascend P6,2013,GPS
Huawei Ascend P7,2014,GPS
Huawei Ascend W1,2013,GPS
Huawei Ascend Y200,2012,GPS
Huawei Ascend Y210,2013,GPS
Huawei Ascend Y221,2014,GPS
Huawei Ascend Y320,2013,GPS
Huawei Ascend Y330,2014,GPS
Huawei Ascend Y511,2013,GPS
Huawei Ascend Y520,2014,GPS
Huawei Ascend Y530,2014,GPS
Huawei Ascend Y540,2015,GPS
Huawei Ascend Y550,2014,GPS
Huawei Ascend Y,2012,GPS
Huawei Ascend,2010,GPS
Huawei G6600,2010,GPS
Huawei G6620,2011,GPS
Huawei G7010,2011,GPS
Huawei G8,2015,GPS
Huawei Honor,2011,GPS
Huawei IDEOS X3,2011,GPS
Huawei IDEOS X5,2010,GPS
Huawei IDEOS X6,2010,GPS
Huawei M228,2010,GPS
Huawei M328,2008,GPS
Huawei M735,2011,GPS
Huawei M750,2009,GPS
Huawei M835,2011,GPS
Huawei Mate 10 Lite,2017,GPS
Huawei Mate 10 Porsche Design,2017,GPS
Huawei Mate 10 Pro,2017,GPS
Huawei Mate 10,2017,GPS
Huawei Mate 8,2015,GPS
Huawei Mate 9 Lite,2016,GPS
Huawei Mate 9 Porsche Design,2016,GPS
Huawei Mate 9 Pro,2016,GPS
Huawei Mate 9,2016,GPS
Huawei Mate S,2015,GPS
Huawei MateBook E,2017,GPS
Huawei MateBook,2016,GPS
Huawei MediaPad 10 FHD,2012,GPS
Huawei MediaPad 7 Lite,2012,GPS
Huawei MediaPad 7 Youth2,2014,GPS
Huawei MediaPad M1,2014,GPS
Huawei MediaPad M2 10-inch,2016,GPS
Huawei MediaPad M2,2015,GPS
Huawei MediaPad M3 Lite 10,2017,GPS
Huawei MediaPad M3,2016,GPS
Huawei MediaPad T1 10,2015,GPS
Huawei MediaPad T2 10.0 Pro,2016,GPS
Huawei MediaPad X1,2014,GPS
Huawei MediaPad X2,2015,GPS
Huawei Mercury,2011,GPS
Huawei nova 2 Plus,2017,GPS
Huawei nova 2,2017,GPS
Huawei nova Plus,2016,GPS
Huawei nova,2016,GPS
Huawei P10 Lite,2017,GPS
Huawei P10 Plus,2017,GPS
Huawei P10,2017,GPS
Huawei P8 lite (2017),2017,GPS
Huawei P8 lite,2015,GPS
Huawei P8max,2015,GPS
Huawei P8,2015,GPS
Huawei P9 lite mini,2017,GPS
Huawei P9 lite,2016,GPS
Huawei P9 Plus,2016,GPS
Huawei P9,2016,GPS
Huawei Pinnacle 2,2012,GPS
Huawei SnapTo,2015,GPS
Huawei U1280,1280,GPS
Huawei U8100,2010,GPS
Huawei U8110,2010,GPS
Huawei U8150 IDEOS,2010,GPS
Huawei U8230,2009,GPS
Huawei U8300,2010,GPS
Huawei Verge,2012,GPS
Huawei Y6 Pro (2017),2017,GPS
Huawei Y635,2015,GPS
Huawei Y7 Prime,2017,GPS
i-mate 810-F,2009,GPS
i-mate JAMA,2007,GPS
i-mate Ultimate 5150,2007,GPS
i-mate Ultimate 6150,2007,GPS
i-mate Ultimate 7150,2007,GPS
i-mate Ultimate 8150,2007,GPS
i-mate Ultimate 9150,2007,GPS
INQ Mini 3G,2009,GPS
Kyocera Cadence LTE,2017,GPS
Kyocera DuraForce Pro,2016,GPS
Kyocera DuraForce XD,2016,GPS
Kyocera DuraPlus,2012,GPS
Kyocera DuraXE,2016,GPS
Kyocera DuraXV LTE,2017,GPS
Kyocera Hydro Elite,2013,GPS
Kyocera Hydro Plus,2014,GPS
Kyocera Hydro Reach,2016,GPS
Kyocera Hydro VIBE,2014,GPS
Kyocera Hydro View,2016,GPS
Kyocera Hydro Wave,2015,GPS
Kyocera Hydro XTRM,2013,GPS
Kyocera Hydro,2012,GPS
Kyocera Rise,2012,GPS
Kyocera Torque XT,2014,GPS
Kyocera Torque,2013,GPS
Kyocera Verve,2014,GPS
LAVA alfa L,2015,GPS
Lenovo A Plus,2016,GPS
Lenovo A2010,2015,GPS
Lenovo A7000,2015,GPS
Lenovo IdeaPad A1,2011,GPS
Lenovo IdeaPad MIIX 300,2015,GPS
Lenovo IdeaTab A1000,2013,GPS
Lenovo IdeaTab A2109,2012,GPS
Lenovo IdeaTab A3000,2013,GPS
Lenovo IdeaTab K2,2012,GPS
Lenovo IdeaTab S6000,2013,GPS
Lenovo K4 Note,2016,GPS
Lenovo K6 Note,2016,GPS
Lenovo K6 Power,2016,GPS
Lenovo K6,2016,GPS
Lenovo Miix 510,2016,GPS
Lenovo Miix2,2013,GPS
Lenovo Moto Tab,2017,GPS
Lenovo P2,2016,GPS
Lenovo Phab 2 Plus,2016,GPS
Lenovo Phab 2 Pro,2016,GPS
Lenovo Phab 2,2016,GPS
Lenovo PHAB Plus,2015,GPS
Lenovo PHAB,2015,GPS
Lenovo TAB 2 A10-70,2015,GPS
Lenovo TAB 2 A7-10,2015,GPS
Lenovo TAB 2 A7-30,2015,GPS
Lenovo TAB 2 A8,2015,GPS
Lenovo Tab 7 Essential,2017,GPS
Lenovo Tab 7,2017,GPS
Lenovo Tab A10,2014,GPS
Lenovo Tab A7-50,2014,GPS
Lenovo Tab S8-50,2014,GPS
Lenovo TAB3 10,2016,GPS
Lenovo TAB3 7,2016,GPS
Lenovo TAB3 8,2016,GPS
Lenovo ThinkPad 10,2014,GPS
Lenovo ThinkPad 8,2014,GPS
Lenovo Vibe K5 Plus,2016,GPS
Lenovo Vibe K5,2016,GPS
Lenovo Vibe P1m,2015,GPS
Lenovo Vibe P1,2015,GPS
Lenovo VIBE S1 Lite,2016,GPS
Lenovo Vibe S1,2015,GPS
Lenovo VIBE Shot,2015,GPS
Lenovo Vibe X3,2015,GPS
Lenovo YOGA Tab 3 10-inch,2015,GPS
Lenovo YOGA Tab 3 8-inch,2015,GPS
Lenovo YOGA Tab 3 Plus,2016,GPS
Lenovo YOGA Tab 3 Pro,2015,GPS
Lenovo Yoga Tablet 10 HD+,2014,GPS
Lenovo YOGA Tablet 2 10-inch (Android),2014,GPS
Lenovo YOGA Tablet 2 10-inch (Windows),2014,GPS
Lenovo YOGA Tablet 2 8-inch (Android),2014,GPS
Lenovo YOGA Tablet 2 8-inch (Windows) with AnyPen,2015,GPS
Lenovo YOGA Tablet 2 8-inch (Windows),2014,GPS
Lenovo YOGA Tablet 2 Pro,2014,GPS
Lenovo ZUK Z1,2015,GPS
LG 100C,2009,GPS
LG 101,2010,GPS
LG 220C,2009,GPS
LG 290C,2009,GPS
LG 420G,2010,GPS
LG A200,2011,GPS
LG A230,2011,GPS
LG A290,2012,GPS
LG A340,2012,GPS
LG A341,2012,GPS
LG Accolade,2010,GPS
LG Ally,2010,GPS
LG Apex,2010,GPS
LG ARENA,2009,GPS
LG Aristo,2017,GPS
LG AX310,2009,GPS
LG Bello II,2015,GPS
LG Bliss,2009,GPS
LG C195,2012,GPS
LG C330,2011,GPS
LG C360,2011,GPS
LG C375,2011,GPS
LG Chocolate 3,2008,GPS
LG Class,2015,GPS
LG Connect 4G,2012,GPS
LG Cookie 3G,2010,GPS
LG Cookie Fresh,2010,GPS
LG Cookie Lite,2010,GPS
LG Cookie Plus,2010,GPS
LG Cookie Style,2010,GPS
LG Cookie,2008,GPS
LG Cosmos 2,2011,GPS
LG Cosmos Touch,2010,GPS
LG Cosmos,2010,GPS
LG Dare,2008,GPS
LG dLite,2010,GPS
LG Doubleplay,2011,GPS
LG Encore,2010,GPS
LG Enlighten,2011,GPS
LG enV Touch,2009,GPS
LG enV3,2009,GPS
LG Envoy II,2013,GPS
LG Escape 2,2015,GPS
LG Escape,2012,GPS
LG Esteem,2011,GPS
LG EVE,2009,GPS
LG Exalt LTE,2017,GPS
LG eXpo,2009,GPS
LG F60,2014,GPS
LG F70,2014,GPS
LG F7200,2005,GPS
LG F9200,2006,GPS
LG Fathom,2010,GPS
LG Fortune,2017,GPS
LG G Flex 2,2015,GPS
LG G Flex,2013,GPS
LG G Pad 8.3,2013,GPS
LG G Pad F 8.0,2015,GPS
LG G Pad F2 8.0,2017,GPS
LG G Pad II 8.0,2015,GPS
LG G Pad X 10.1,2015,GPS
LG G Pad X 8.0,2016,GPS
LG G Pad X 8.3,2015,GPS
LG G Pad X II 10.1,2016,GPS
LG G Pad X II 8.0 Plus,2017,GPS
LG G Pro 2,2014,GPS
LG G Pro Lite Dual,2013,GPS
LG G Pro Lite,2013,GPS
LG G Stylo,2015,GPS
LG G Vista 2,2015,GPS
LG G2 mini,2014,GPS
LG G2,2013,GPS
LG G3 Cat. 6,2014,GPS
LG G3 Stylus,2014,GPS
LG G3 s,2014,GPS
LG G3,2014,GPS
LG G4 Beat,2015,GPS
LG G4c,2015,GPS
LG G4,2015,GPS
LG G5,2016,GPS
LG G6,2017,GPS
LG G6+,2017,GPS
LG GB170,2010,GPS
LG GB190,2009,GPS
LG GB230,2009,GPS
LG GB255G,2010,GPS
LG GB270,2009,GPS
LG GD350,2010,GPS
LG GD900 Crystal,2009,GPS
LG GD900F Crystal,2009,GPS
LG Genesis,2011,GPS
LG GM750,2009,GPS
LG GS106,2010,GPS
LG GS107,2010,GPS
LG GS155,2010,GPS
LG GS170,2010,GPS
LG GS190,2010,GPS
LG GT400,2010,GPS
LG GT500,2009,GPS
LG GU230,2010,GPS
LG GU280,2010,GPS
LG GU292,2010,GPS
LG GU295,2010,GPS
LG GW525,2009,GPS
LG GW620,2009,GPS
LG GX200,2010,GPS
LG GX300,2010,GPS
LG GX500,2010,GPS
LG Intuition,2012,GPS
LG Jil Sander Mobile,2011,GPS
LG Joy,2015,GPS
LG K10 2017,2016,GPS
LG K10,2016,GPS
LG K20 V,2017,GPS
LG K3 2017,2016,GPS
LG K3,2016,GPS
LG K4 2017,2016,GPS
LG K4 LTE,2016,GPS
LG K8 2017,2016,GPS
LG K8V,2016,GPS
LG K8,2016,GPS
LG KB620,2008,GPS
LG KC550,2008,GPS
LG KC780,2008,GPS
LG KF305,2010,GPS
LG KF310,2008,GPS
LG KF390,2008,GPS
LG KF700,2008,GPS
LG KG376,2010,GPS
LG KM555E,2009,GPS
LG KM555,2010,GPS
LG KM570,2010,GPS
LG KP108,2010,GPS
LG L Bello,2014,GPS
LG L Fino,2014,GPS
LG L20,2014,GPS
LG L35,2014,GPS
LG L40,2014,GPS
LG L50,2014,GPS
LG L65,2014,GPS
LG L70,2014,GPS
LG L80,2014,GPS
LG L90,2014,GPS
LG Lancet for Android,2015,GPS
LG Leon,2015,GPS
LG Lollipop GD580,2010,GPS
LG Lotus Elite,2010,GPS
LG Lucid 2,2013,GPS
LG Lucid 3,2014,GPS
LG Lucid,2012,GPS
LG Lyric MT375,2009,GPS
LG Mach,2012,GPS
LG Magna,2015,GPS
LG Marquee,2011,GPS
LG Mini,2010,GPS
LG Motion 4G,2012,GPS
LG Neon II,2010,GPS
LG Nitro HD,2011,GPS
LG Octane,2010,GPS
LG Optimus 2X,2011,GPS
LG Optimus 3D MAX,2012,GPS
LG Optimus 3D,2011,GPS
LG Optimus 4X HD,2012,GPS
LG Optimus 7Q,2010,GPS
LG Optimus 7,2010,GPS
LG Optimus Black,2011,GPS
LG Optimus Chic,2010,GPS
LG Optimus Elite,2012,GPS
LG Optimus F3Q,2014,GPS
LG Optimus F3,2013,GPS
LG Optimus F5,2013,GPS
LG Optimus F6,2013,GPS
LG Optimus F7,2013,GPS
LG Optimus G AT&amp;T,2012,GPS
LG Optimus G Pro,2013,GPS
LG Optimus G Sprint,2012,GPS
LG Optimus G,2012,GPS
LG Optimus Hub,2011,GPS
LG Optimus L3 Dual,2012,GPS
LG Optimus L3,2012,GPS
LG Optimus L4 II,2013,GPS
LG Optimus L5 II,2013,GPS
LG Optimus L5,2012,GPS
LG Optimus L7 II,2013,GPS
LG Optimus L7,2012,GPS
LG Optimus L9 II,2013,GPS
LG Optimus L9 T-Mobile,2012,GPS
LG Optimus L9,2012,GPS
LG Optimus LTE,2011,GPS
LG Optimus M,2010,GPS
LG Optimus Net,2011,GPS
LG Optimus One,2010,GPS
LG Optimus Pad LTE,2012,GPS
LG Optimus Pad,2011,GPS
LG Optimus Pro,2011,GPS
LG Optimus Slider,2011,GPS
LG Optimus Sol,2011,GPS
LG Optimus S,2010,GPS
LG Optimus T,2010,GPS
LG Optimus Vu II,2012,GPS
LG Optimus Vu,2012,GPS
LG Optimus Zone,2013,GPS
LG Optimus,2010,GPS
LG P520,2010,GPS
LG Phoenix 2,2016,GPS
LG Phoenix 3,2017,GPS
LG Phoenix,2011,GPS
LG Pop GD510,2009,GPS
LG Prada 3.0,2011,GPS
LG PRADA II,2008,GPS
LG PRADA,2007,GPS
LG Prime,2010,GPS
LG Q6,2017,GPS
LG Q8,2017,GPS
LG Quantum,2010,GPS
LG Remarq,2010,GPS
LG Revere,2011,GPS
LG Revolution,2011,GPS
LG Rumor Reflex,2012,GPS
LG Rumor Touch,2010,GPS
LG S367,2011,GPS
LG Select,2010,GPS
LG Sentio,2010,GPS
LG Spectrum 2,2012,GPS
LG Spectrum,2012,GPS
LG Spirit,2015,GPS
LG Stylo 2 V,2016,GPS
LG Stylo 3 Plus,2017,GPS
LG Stylo 3,2016,GPS
LG Stylus 2,2016,GPS
LG T315i,2011,GPS
LG T375,2012,GPS
LG T500,2011,GPS
LG Thrill 4G,2011,GPS
LG Thrive,2011,GPS
LG Town GT350,2010,GPS
LG Tribute 2,2015,GPS
LG Tribute 5,2016,GPS
LG Tribute HD,2016,GPS
LG V10,2015,GPS
LG V20,2016,GPS
LG V30,2017,GPS
LG Viewty GT,2010,GPS
LG Viewty Snap,2010,GPS
LG Viper 4G LTE,2012,GPS
LG Volt 2,2015,GPS
LG Vortex,2010,GPS
LG Vu Plus,2010,GPS
LG Wine II,2010,GPS
LG X cam,2016,GPS
LG X Power (International),2016,GPS
LG X Power,2016,GPS
LG X screen,2016,GPS
LG X venture,2017,GPS
LG Xpression C395,2012,GPS
Lumigon T2,2012,GPS
Maxwest Orbit 4400,2013,GPS
Meizu Blue Charm Metal,2015,GPS
Meizu m2,2015,GPS
Meizu M3 Max,2016,GPS
Meizu M3 Note,2016,GPS
Meizu M3X,2016,GPS
Meizu M3,2016,GPS
Meizu M5 Note,2016,GPS
Meizu M5c,2017,GPS
Meizu M5s,2017,GPS
Meizu M5,2016,GPS
Meizu M6 Note,2017,GPS
Meizu M6,2017,GPS
Meizu MX2,2012,GPS
Meizu MX5,2015,GPS
Meizu MX6,2016,GPS
Meizu PRO 5,2015,GPS
Meizu PRO 6 Plus,2016,GPS
Meizu Pro 6,2016,GPS
Meizu Pro 7 Plus,2017,GPS
Meizu Pro 7,2017,GPS
Microsoft KIN ONE GSM,2010,GPS
Microsoft KIN ONE,2010,GPS
Microsoft KIN TWO GSM,2010,GPS
Microsoft KIN TWO,2010,GPS
Microsoft Lumia 435,2015,GPS
Microsoft Lumia 532,2015,GPS
Microsoft Lumia 535,2014,GPS
Microsoft Lumia 540 Dual,2015,GPS
Microsoft Lumia 550,2015,GPS
Microsoft Lumia 640 XL,2015,GPS
Microsoft Lumia 640,2015,GPS
Microsoft Lumia 650,2016,GPS
Microsoft Lumia 950 XL,2015,GPS
Microsoft Lumia 950,2015,GPS
Microsoft Surface 2,2013,GPS
Microsoft Surface 3,2015,GPS
Microsoft Surface Pro (2017),2017,GPS
Microsoft Surface Pro 2,2013,GPS
Microsoft Surface Pro 3,2014,GPS
Microsoft Surface Pro 4,2015,GPS
Microsoft Surface Pro,2012,GPS
Microsoft Surface RT,2012,GPS
mobiado 105CLB,2008,GPS
mobiado 105EM,2008,GPS
mobiado 105GCB,2008,GPS
mobiado 105GMT,2008,GPS
mobiado 105ZAF,2008,GPS
mobiado LUCIDO,2008,GPS
mobiado LUMINOSO,2007,GPS
mobiado PRO CAMO,2008,GPS
mobiado PRO,2004,GPS
mobiado STEALTH,2008,GPS
Motorola A1010,2005,GPS
Motorola A45 ECO,2009,GPS
Motorola Admiral,2011,GPS
Motorola Adventure V750,2008,GPS
Motorola ATRIX 2,2011,GPS
Motorola ATRIX 4G,2011,GPS
Motorola ATRIX HD,2012,GPS
Motorola AURA,2008,GPS
Motorola BACKFLIP,2010,GPS
Motorola BALI,2010,GPS
Motorola Barrage,2009,GPS
Motorola Bravo,2010,GPS
Motorola Brute i680,2010,GPS
Motorola Brute i686,2011,GPS
Motorola C139,2008,GPS
Motorola C290,2006,GPS
Motorola C390,2005,GPS
Motorola CHARM,2010,GPS
Motorola CITRUS,2010,GPS
Motorola CLIQ 2,2011,GPS
Motorola CLIQ XT,2010,GPS
Motorola CLIQ,2009,GPS
Motorola Clutch + i475,2011,GPS
Motorola Clutch i465,2009,GPS
Motorola Crush,2009,GPS
Motorola DEFY MINI,2012,GPS
Motorola DEFY PRO,2012,GPS
Motorola DEFY XT,2012,GPS
Motorola DEFY,2010,GPS
Motorola DEFY+,2011,GPS
Motorola DEVOUR,2010,GPS
Motorola DROID 2 Global,2010,GPS
Motorola DROID 2,2010,GPS
Motorola DROID 3,2011,GPS
Motorola DROID 4,2012,GPS
Motorola DROID BIONIC Etna,2011,GPS
Motorola DROID BIONIC,2011,GPS
Motorola DROID MAXX 2,2015,GPS
Motorola DROID MAXX,2013,GPS
Motorola DROID Mini,2013,GPS
Motorola DROID PRO,2010,GPS
Motorola DROID RAZR HD,2012,GPS
Motorola DROID RAZR MAXX HD,2012,GPS
Motorola DROID RAZR MAXX,2012,GPS
Motorola DROID RAZR M,2012,GPS
Motorola DROID RAZR,2011,GPS
Motorola DROID Turbo 2,2015,GPS
Motorola DROID Turbo,2014,GPS
Motorola DROID Ultra,2013,GPS
Motorola DROID X2,2011,GPS
Motorola DROID XYBOARD 10.1,2011,GPS
Motorola DROID XYBOARD 8.2,2011,GPS
Motorola DROID X,2010,GPS
Motorola DROID,2009,GPS
Motorola E1060,2005,GPS
Motorola E1120,2005,GPS
Motorola ELECTRIFY 2,2012,GPS
Motorola ELECTRIFY M,2012,GPS
Motorola Entice W766,2009,GPS
Motorola ES400,2010,GPS
Motorola Evoke QA4,2009,GPS
Motorola EX112,2010,GPS
Motorola EX115,2010,GPS
Motorola EX119,2011,GPS
Motorola FIRE,2011,GPS
Motorola FLIPOUT US,2010,GPS
Motorola FLIPOUT,2010,GPS
Motorola FLIPSIDE,2010,GPS
Motorola GLEAM+,2012,GPS
Motorola GRASP,2010,GPS
Motorola Hint QA30,2008,GPS
Motorola i1,2010,GPS
Motorola i296,2010,GPS
Motorola i365IS,2009,GPS
Motorola i365,2008,GPS
Motorola i410,2009,GPS
Motorola i412,2011,GPS
Motorola i440,2011,GPS
Motorola i576,2008,GPS
Motorola i580,2006,GPS
Motorola i670,2006,GPS
Motorola i856,2009,GPS
Motorola i870,2005,GPS
Motorola i886,2011,GPS
Motorola i890,2010,GPS
Motorola i930 / i920,2005,GPS
Motorola i940,2012,GPS
Motorola Karma QA1,2009,GPS
Motorola Krave ZN4,2008,GPS
Motorola KRZR K1m,2006,GPS
Motorola KRZR K1,2006,GPS
Motorola MILESTONE 2,2010,GPS
Motorola MILESTONE US,2010,GPS
Motorola MILESTONE XT720,2010,GPS
Motorola MILESTONE,2009,GPS
Motorola MOTO A810,2008,GPS
Motorola Moto C Plus,2017,GPS
Motorola Moto C,2017,GPS
Motorola Moto E (2015),2015,GPS
Motorola Moto E3 Power,2016,GPS
Motorola Moto E3,2016,GPS
Motorola Moto E4 Plus,2017,GPS
Motorola Moto E4,2017,GPS
Motorola Moto E,2014,GPS
Motorola Moto G (2014),2014,GPS
Motorola Moto G (2015),2015,GPS
Motorola Moto G LTE,2014,GPS
Motorola Moto G4 Play,2016,GPS
Motorola Moto G4 Plus,2016,GPS
Motorola Moto G5 Plus,2017,GPS
Motorola Moto G5S Plus,2017,GPS
Motorola Moto G5S,2017,GPS
Motorola Moto G5,2017,GPS
Motorola Moto G,2013,GPS
Motorola MOTO i776w,2008,GPS
Motorola MOTO i776,2008,GPS
Motorola Moto M,2016,GPS
Motorola MOTO Q 11,2009,GPS
Motorola MOTO U9,2007,GPS
Motorola MOTO VE240,2008,GPS
Motorola MOTO VE538,2008,GPS
Motorola MOTO VE66,2009,GPS
Motorola MOTO W233 Renew,2009,GPS
Motorola MOTO W7 Active Edition,2009,GPS
Motorola MOTO W755,2008,GPS
Motorola Moto X (2014),2014,GPS
Motorola Moto X Play,2015,GPS
Motorola Moto X Pure Edition (2015),2015,GPS
Motorola Moto X Style,2015,GPS
Motorola Moto X4,2017,GPS
Motorola Moto X,2013,GPS
Motorola Moto Z Droid Edition,2016,GPS
Motorola Moto Z Force Droid Edition,2016,GPS
Motorola Moto Z Force,2016,GPS
Motorola Moto Z Play Droid,2016,GPS
Motorola Moto Z Play,2016,GPS
Motorola MOTO Z10,2008,GPS
Motorola Moto Z2 Force Edition,2017,GPS
Motorola Moto Z2 Play,2017,GPS
Motorola MOTO Z6c,2007,GPS
Motorola MOTO Z6w,2008,GPS
Motorola MOTO Z9,2008,GPS
Motorola MOTO ZN200,2008,GPS
Motorola MOTO ZN300,2009,GPS
Motorola Moto Z,2016,GPS
Motorola MOTOACTV W450,2008,GPS
Motorola MOTOJEWEL,2008,GPS
Motorola MOTOLUXE,2012,GPS
Motorola MOTOROKR EM25,2009,GPS
Motorola MOTOROKR W6,2009,GPS
Motorola MOTOSURF A3100,2009,GPS
Motorola MOTOZINE ZN5,2008,GPS
Motorola PEBL U6 (V6),2005,GPS
Motorola PHOTON 4G,2011,GPS
Motorola PHOTON Q 4G LTE,2012,GPS
Motorola PRO,2011,GPS
Motorola PRO+,2011,GPS
Motorola Q CDMA,2005,GPS
Motorola Q GSM,2005,GPS
Motorola Q9h,2007,GPS
Motorola Quantico,2009,GPS
Motorola QUENCH,2010,GPS
Motorola RAMBLER,2010,GPS
Motorola Rapture VU30,2008,GPS
Motorola RAZR HD,2012,GPS
Motorola RAZR i,2012,GPS
Motorola RAZR MAXX V6,2006,GPS
Motorola RAZR maxx Ve,2007,GPS
Motorola RAZR MAXX,2012,GPS
Motorola RAZR M,2012,GPS
Motorola RAZR V3c,2005,GPS
Motorola RAZR V3i / V3t / V3r,2005,GPS
Motorola RAZR V3m,2006,GPS
Motorola RAZR V3x (V1150),2005,GPS
Motorola RAZR V3xx,2006,GPS
Motorola RAZR VE20,2008,GPS
Motorola RAZR2 V8,2007,GPS
Motorola RAZR2 V9m,2007,GPS
Motorola RAZR2 V9x,2008,GPS
Motorola RAZR2 V9,2007,GPS
Motorola RAZR,2011,GPS
Motorola Renegade V950,2008,GPS
Motorola Rival,2009,GPS
Motorola RIZR Z3,2006,GPS
Motorola RIZR Z6tv,2007,GPS
Motorola RIZR Z6,2007,GPS
Motorola RIZR Z8,2007,GPS
Motorola ROKR E2,2006,GPS
Motorola ROKR E8,2008,GPS
Motorola ROKR EM28,2009,GPS
Motorola ROKR EM30,2008,GPS
Motorola ROKR EM325,2008,GPS
Motorola ROKR EM330,2008,GPS
Motorola ROKR EM35,2009,GPS
Motorola ROKR Z6m,2007,GPS
Motorola SLVR L2,2005,GPS
Motorola SLVR L6,2005,GPS
Motorola SLVR L7c,2006,GPS
Motorola SLVR L7,2005,GPS
Motorola SLVR L9,2007,GPS
Motorola SPICE Key,2011,GPS
Motorola SPICE,2010,GPS
Motorola Stature i9,2009,GPS
Motorola Theory,2011,GPS
Motorola TITANIUM,2011,GPS
Motorola TRIUMPH,2011,GPS
Motorola Tundra VA76r,2008,GPS
Motorola V176,2005,GPS
Motorola V195 / V197,2005,GPS
Motorola V235 / V230,2005,GPS
Motorola V360,2005,GPS
Motorola V557,2005,GPS
Motorola V560,2005,GPS
Motorola V980,2005,GPS
Motorola VE440,2009,GPS
Motorola VE465,2009,GPS
Motorola VU204,2008,GPS
Motorola W156,2007,GPS
Motorola W161,2008,GPS
Motorola W175,2007,GPS
Motorola W181,2008,GPS
Motorola W205,2007,GPS
Motorola W206,2009,GPS
Motorola W218,2007,GPS
Motorola W230,2008,GPS
Motorola W260g,2008,GPS
Motorola W270,2008,GPS
Motorola W315,2006,GPS
Motorola W360,2007,GPS
Motorola W376g,2008,GPS
Motorola W377,2007,GPS
Motorola W380,2007,GPS
Motorola W385,2007,GPS
Motorola W388,2009,GPS
Motorola W395,2009,GPS
Motorola W396,2008,GPS
Motorola W510,2007,GPS
Motorola WILDER,2011,GPS
Motorola WX161 US,2010,GPS
Motorola WX161,2010,GPS
Motorola WX181 US,2010,GPS
Motorola WX181,2010,GPS
Motorola WX260 US,2010,GPS
Motorola WX260,2010,GPS
Motorola WX265 US,2010,GPS
Motorola WX265,2010,GPS
Motorola WX290 US,2010,GPS
Motorola WX290,2010,GPS
Motorola WX295 US,2010,GPS
Motorola WX295,2010,GPS
Motorola XOOM 2 Media Edition,2011,GPS
Motorola XOOM 2,2011,GPS
Motorola XOOM CDMA,2011,GPS
Motorola XOOM Wi-Fi,2011,GPS
Motorola XOOM,2011,GPS
Motorola XPRT,2011,GPS
Motorola XT316,2011,GPS
Motorola XT319,2011,GPS
Motorola XT531,2011,GPS
Motorola XT701,2010,GPS
Motorola XT711,2010,GPS
Motorola XT860 4G,2011,GPS
Neonode N2,2007,GPS
Nokia 1006,2009,GPS
Nokia 100,2011,GPS
Nokia 101,2011,GPS
Nokia 103,2012,GPS
Nokia 105 (2017),2017,GPS
Nokia 105,2013,GPS
Nokia 106,2013,GPS
Nokia 107,2013,GPS
Nokia 108,2013,GPS
Nokia 109,2012,GPS
Nokia 110,2012,GPS
Nokia 111,2012,GPS
Nokia 112,2012,GPS
Nokia 113,2012,GPS
Nokia 114,2012,GPS
Nokia 1200,2007,GPS
Nokia 1202,2009,GPS
Nokia 1208,2007,GPS
Nokia 1209,2008,GPS
Nokia 1280,2010,GPS
Nokia 130 (2017),2017,GPS
Nokia 1508i,2009,GPS
Nokia 1508,2009,GPS
Nokia 1606,2008,GPS
Nokia 1616,2009,GPS
Nokia 1650,2007,GPS
Nokia 1661 US,2009,GPS
Nokia 1661,2009,GPS
Nokia 1680 classic,2008,GPS
Nokia 1800,2010,GPS
Nokia 206,2012,GPS
Nokia 207,2013,GPS
Nokia 208,2013,GPS
Nokia 2135,2007,GPS
Nokia 215,2015,GPS
Nokia 220,2014,GPS
Nokia 2220 slide US,2010,GPS
Nokia 2220 slide,2010,GPS
Nokia 2228,2008,GPS
Nokia 225,2014,GPS
Nokia 2320 classic,2009,GPS
Nokia 2323 classic,2009,GPS
Nokia 2330 classic,2009,GPS
Nokia 2365i / 2366i,2006,GPS
Nokia 2600 classic,2008,GPS
Nokia 2605 Mirage,2008,GPS
Nokia 2630,2007,GPS
Nokia 2660,2007,GPS
Nokia 2680 slide US,2008,GPS
Nokia 2680 slide,2008,GPS
Nokia 2690,2010,GPS
Nokia 2700 classic,2009,GPS
Nokia 2705 Shade,2009,GPS
Nokia 2710 Navigation Edition,2010,GPS
Nokia 2720 fold US,2009,GPS
Nokia 2720 fold,2009,GPS
Nokia 2730 classic US,2009,GPS
Nokia 2730 classic,2009,GPS
Nokia 2760,2007,GPS
Nokia 2,2017,GPS
Nokia 301,2013,GPS
Nokia 3109 classic,2007,GPS
Nokia 3110 Classic,2007,GPS
Nokia 3110 Evolve,2008,GPS
Nokia 3120 classic,2008,GPS
Nokia 3310 3G,2017,GPS
Nokia 3310,2017,GPS
Nokia 3500 classic,2007,GPS
Nokia 3585i,2002,GPS
Nokia 3590,2002,GPS
Nokia 3600 slide,2008,GPS
Nokia 3606,2009,GPS
Nokia 3608,2009,GPS
Nokia 3610 fold,2008,GPS
Nokia 3710 fold US,2010,GPS
Nokia 3710 fold,2009,GPS
Nokia 3711,2009,GPS
Nokia 3720 classic,2009,GPS
Nokia 3,2017,GPS
Nokia 5000,2008,GPS
Nokia 500,2011,GPS
Nokia 5030 XpressRadio,2009,GPS
Nokia 5070,2007,GPS
Nokia 5100,2002,GPS
Nokia 5130 XpressMusic,2009,GPS
Nokia 5140,2003,GPS
Nokia 515,2013,GPS
Nokia 5200,2006,GPS
Nokia 5220 XpressMusic,2008,GPS
Nokia 5228,2010,GPS
Nokia 5230 Nuron,2010,GPS
Nokia 5230 US,2009,GPS
Nokia 5230,2009,GPS
Nokia 5235 Comes With Music Latin America,2009,GPS
Nokia 5235 Comes With Music US,2009,GPS
Nokia 5235 Comes With Music,2010,GPS
Nokia 5250,2010,GPS
Nokia 5310 XpressMusic,2007,GPS
Nokia 5320 XpressMusic,2008,GPS
Nokia 5330 Mobile TV Edition,2009,GPS
Nokia 5330 XpressMusic US,2009,GPS
Nokia 5330 XpressMusic,2009,GPS
Nokia 5500 Sport,2006,GPS
Nokia 5530 XpressMusic,2009,GPS
Nokia 5610 XpressMusic,2007,GPS
Nokia 5630 XpressMusic,2009,GPS
Nokia 5700 XpressMusic,2007,GPS
Nokia 5730 XpressMusic,2009,GPS
Nokia 5800 Navigation Edition,2009,GPS
Nokia 5800 XpressMusic,2008,GPS
Nokia 5,2017,GPS
Nokia 600,2011,GPS
Nokia 603,2011,GPS
Nokia 6060 / 6061 / 6062,2005,GPS
Nokia 6080,2007,GPS
Nokia 6085,2006,GPS
Nokia 6086,2006,GPS
Nokia 6110 NAVIGATOR,2007,GPS
Nokia 6120 classic,2007,GPS
Nokia 6124 classic,2008,GPS
Nokia 6126 / 6133b,2006,GPS
Nokia 6131 NFC,2007,GPS
Nokia 6133,2006,GPS
Nokia 6136,2006,GPS
Nokia 6151,2006,GPS
Nokia 6170,2004,GPS
Nokia 6205,2008,GPS
Nokia 6208 classic,2009,GPS
Nokia 6210 Navigator,2008,GPS
Nokia 6212 classic,2009,GPS
Nokia 6216 classic,2009,GPS
Nokia 6220 classic,2008,GPS
Nokia 6260 slide,2009,GPS
Nokia 6263,2007,GPS
Nokia 6267,2007,GPS
Nokia 6270,2005,GPS
Nokia 6288,2006,GPS
Nokia 6290,2006,GPS
Nokia 6300i,2008,GPS
Nokia 6300,2006,GPS
Nokia 6301,2007,GPS
Nokia 6303 classic,2009,GPS
Nokia 6303i classic,2010,GPS
Nokia 6310i,2002,GPS
Nokia 6350,2009,GPS
Nokia 6500 classic,2007,GPS
Nokia 6500 slide,2007,GPS
Nokia 6555,2007,GPS
Nokia 6600 fold,2008,GPS
Nokia 6600 slide,2008,GPS
Nokia 6600i slide,2009,GPS
Nokia 6610,2002,GPS
Nokia 6650,2008,GPS
Nokia 6682 / 6681,2005,GPS
Nokia 6700 classic,2009,GPS
Nokia 6700 slide US,2009,GPS
Nokia 6700 slide,2010,GPS
Nokia 6710 Navigator Latin America,2009,GPS
Nokia 6710 Navigator,2009,GPS
Nokia 6720 classic US,2009,GPS
Nokia 6720 classic,2009,GPS
Nokia 6730 classic,2009,GPS
Nokia 6760 slide,2009,GPS
Nokia 6790 Surge,2009,GPS
Nokia 6800,2002,GPS
Nokia 6820 / 6820i,2003,GPS
Nokia 6,2017,GPS
Nokia 700,2011,GPS
Nokia 701,2011,GPS
Nokia 7020,2009,GPS
Nokia 7070 Prism,2008,GPS
Nokia 7088,2007,GPS
Nokia 7100 Supernova,2009,GPS
Nokia 7205 Intrigue,2009,GPS
Nokia 7210 Supernova,2008,GPS
Nokia 7210,2002,GPS
Nokia 7230 US,2009,GPS
Nokia 7230,2010,GPS
Nokia 7270,2004,GPS
Nokia 7310 Supernova,2008,GPS
Nokia 7373,2006,GPS
Nokia 7380,2005,GPS
Nokia 7390,2006,GPS
Nokia 7510 Supernova,2009,GPS
Nokia 7510,2009,GPS
Nokia 7610 Supernova,2008,GPS
Nokia 7700,2003,GPS
Nokia 7710,2004,GPS
Nokia 7900 Prism,2007,GPS
Nokia 808 PureView,2012,GPS
Nokia 8208,2009,GPS
Nokia 8600 Luna,2007,GPS
Nokia 8800 Arte,2007,GPS
Nokia 8800 Carbon Arte,2008,GPS
Nokia 8800 Gold Arte,2009,GPS
Nokia 8800 Sirocco Edition,2006,GPS
Nokia 8801 / 8800,2005,GPS
Nokia 8,2017,GPS
Nokia 9290,2001,GPS
Nokia 9300i,2005,GPS
Nokia 9300,2004,GPS
Nokia Asha 200,2011,GPS
Nokia Asha 201,2012,GPS
Nokia Asha 205 Dual SIM,2012,GPS
Nokia Asha 205,2012,GPS
Nokia Asha 210,2013,GPS
Nokia Asha 302,2012,GPS
Nokia Asha 303,2011,GPS
Nokia Asha 305,2012,GPS
Nokia Asha 306,2012,GPS
Nokia Asha 308,2012,GPS
Nokia Asha 309,2012,GPS
Nokia Asha 310,2012,GPS
Nokia Asha 311,2012,GPS
Nokia Asha 500,2013,GPS
Nokia Asha 501,2013,GPS
Nokia Asha 502,2013,GPS
Nokia Asha 503,2013,GPS
Nokia C1-00,2010,GPS
Nokia C1-01 American version,2010,GPS
Nokia C1-01,2010,GPS
Nokia C1-02 American version,2010,GPS
Nokia C1-02,2010,GPS
Nokia C2-00,2010,GPS
Nokia C2-01,2010,GPS
Nokia C2-02,2011,GPS
Nokia C2-03,2011,GPS
Nokia C2-06,2011,GPS
Nokia C3 Touch and Type,2010,GPS
Nokia C3,2010,GPS
Nokia C5-03,2010,GPS
Nokia C5,2010,GPS
Nokia C6-01,2010,GPS
Nokia C6,2010,GPS
Nokia C7,2010,GPS
Nokia E5 American version,2010,GPS
Nokia E50,2006,GPS
Nokia E51,2007,GPS
Nokia E52 US,2009,GPS
Nokia E52,2009,GPS
Nokia E55 US,2009,GPS
Nokia E55,2009,GPS
Nokia E5,2010,GPS
Nokia E61i,2007,GPS
Nokia E62,2006,GPS
Nokia E63 US,2008,GPS
Nokia E63,2008,GPS
Nokia E65,2007,GPS
Nokia E66,2008,GPS
Nokia E6,2011,GPS
Nokia E70,2005,GPS
Nokia E71x,2009,GPS
Nokia E71,2008,GPS
Nokia E72 US,2009,GPS
Nokia E72,2009,GPS
Nokia E73 Mode,2010,GPS
Nokia E75 US,2009,GPS
Nokia E75,2009,GPS
Nokia E7,2011,GPS
Nokia E90 Communicator,2007,GPS
Nokia Lumia 1020,2013,GPS
Nokia Lumia 1320,2013,GPS
Nokia Lumia 1520,2013,GPS
Nokia Lumia 2520,2013,GPS
Nokia Lumia 505,2013,GPS
Nokia Lumia 510,2012,GPS
Nokia Lumia 520,2015,GPS
Nokia Lumia 525,2013,GPS
Nokia Lumia 530,2014,GPS
Nokia Lumia 620,2013,GPS
Nokia Lumia 625,2013,GPS
Nokia Lumia 630,2014,GPS
Nokia Lumia 720,2013,GPS
Nokia Lumia 730,2014,GPS
Nokia Lumia 735,2014,GPS
Nokia Lumia 830,2014,GPS
Nokia Lumia 920,2012,GPS
Nokia Lumia 925,2013,GPS
Nokia Lumia 930,2014,GPS
Nokia Lumia Icon,2014,GPS
Nokia N-Gage QD,2004,GPS
Nokia N-Gage,2003,GPS
Nokia N1,2014,GPS
Nokia N71,2005,GPS
Nokia N72,2006,GPS
Nokia N75,2006,GPS
Nokia N76,2007,GPS
Nokia N77,2007,GPS
Nokia N78,2008,GPS
Nokia N79,2008,GPS
Nokia N81 8GB,2007,GPS
Nokia N81,2007,GPS
Nokia N82,2007,GPS
Nokia N85,2008,GPS
Nokia N86 8MP US,2009,GPS
Nokia N86 8MP,2009,GPS
Nokia N900,2009,GPS
Nokia N90,2005,GPS
Nokia N92,2005,GPS
Nokia N93i,2007,GPS
Nokia N93,2006,GPS
Nokia N95 8GB US,2008,GPS
Nokia N95 8GB,2007,GPS
Nokia N95,2006,GPS
Nokia N96 US,2008,GPS
Nokia N96,2008,GPS
Nokia N97 mini Latin America,2009,GPS
Nokia N97 mini,2009,GPS
Nokia N97 US,2009,GPS
Nokia N97,2009,GPS
Nokia N9,2011,GPS
Nokia Oro,2011,GPS
Nokia X1-01,2011,GPS
Nokia X2-01,2010,GPS
Nokia X2-05,2011,GPS
Nokia X2,2010,GPS
Nokia X3 Touch and Type,2010,GPS
Nokia X3,2009,GPS
Nokia X5-01 American version,2010,GPS
Nokia X5-01,2010,GPS
Nokia X6 16GB Latin America,2010,GPS
Nokia X6 16GB,2010,GPS
Nokia X6 8GB,2010,GPS
Nokia X6 Latin America,2009,GPS
Nokia X6,2009,GPS
Nokia X7,2011,GPS
Nokia XL,2014,GPS
Nokia X,2014,GPS
Nokia X+,2014,GPS
nubia 5S mini,2014,GPS
nubia 5,2012,GPS
nubia N1 Lite,2017,GPS
nubia N1,2016,GPS
nubia N2,2017,GPS
nubia Z11,2016,GPS
nubia Z7 mini,2014,GPS
nubia Z7,2014,GPS
OnePlus 2,2015,GPS
OnePlus 3T,2016,GPS
OnePlus 3,2016,GPS
OnePlus 5T,2017,GPS
OnePlus 5,2017,GPS
OnePlus One,2014,GPS
OnePlus X,2015,GPS
OPPO F1s,2016,GPS
OPPO F1,2016,GPS
OPPO F3 Plus,2017,GPS
OPPO F3,2017,GPS
OPPO F5,2017,GPS
OPPO Find 5,2012,GPS
OPPO Find 7a,2014,GPS
OPPO Find 7,2014,GPS
OPPO Mirror 5s,2015,GPS
OPPO N1 mini,2014,GPS
OPPO N3,2014,GPS
OPPO Neo 5 (2015),2015,GPS
OPPO Neo 5s,2015,GPS
OPPO Neo 7,2015,GPS
OPPO Neo,2014,GPS
OPPO R11,2017,GPS
OPPO R1C,2015,GPS
OPPO R1x,2015,GPS
OPPO R5s,2015,GPS
OPPO R7 Plus,2015,GPS
OPPO R7s,2015,GPS
OPPO R7,2015,GPS
OPPO R9,2017,GPS
OPPO U3,2015,GPS
Orange San Diego,2012,GPS
Palm Centro CDMA,2007,GPS
Palm Centro,2008,GPS
Palm Pixi,2009,GPS
Palm Pre 2 GSM,2010,GPS
Palm Pre 2,2010,GPS
Palm Pre Plus GSM,2010,GPS
Palm Pre,2009,GPS
Palm Treo 500v,2007,GPS
Palm Treo 680,2006,GPS
Palm Treo 700p,2006,GPS
Palm Treo 750 / 750v,2007,GPS
Palm Treo 755p,2007,GPS
Palm Treo Pro,2008,GPS
Panasonic ELUGA power,2012,GPS
Panasonic ELUGA,2012,GPS
Panasonic SA6,2005,GPS
Panasonic SA7,2005,GPS
Panasonic Toughpad A1,2011,GPS
Panasonic VS3,2005,GPS
Panasonic VS7,2005,GPS
Pantech Breakout,2011,GPS
Pantech Breeze III,2011,GPS
Pantech Breeze IV,2013,GPS
Pantech Breeze,2008,GPS
Pantech Burst,2012,GPS
Pantech C610,2008,GPS
Pantech C630,2008,GPS
Pantech Crossover,2011,GPS
Pantech Crux,2010,GPS
Pantech Discover,2013,GPS
Pantech Ease,2010,GPS
Pantech Element,2012,GPS
Pantech Flex,2012,GPS
Pantech Hotshot,2011,GPS
Pantech Impact,2009,GPS
Pantech Jest 2,2011,GPS
Pantech Jest,2010,GPS
Pantech Laser,2010,GPS
Pantech Link,2010,GPS
Pantech Marauder,2012,GPS
Pantech Matrix Pro,2009,GPS
Pantech Matrix,2008,GPS
Pantech Perception,2013,GPS
Pantech Pocket,2011,GPS
Pantech Pursuit II,2011,GPS
Pantech Renue,2012,GPS
Pantech Reveal,2009,GPS
Pantech Slate,2008,GPS
Pantech Swift,2012,GPS
PCD Casio G'zOne Type-S,2007,GPS
PCD CDM-105 / CDM-7000,2005,GPS
PCD CDM-7075,2006,GPS
PCD CDM-8630,2007,GPS
PCD CDM-9200,2005,GPS
PCD CDM8635,2010,GPS
PCD Shuttle,2008,GPS
Razer Phone,2017,GPS
Sagem my300C,2007,GPS
Sagem PUMA Phone,2010,GPS
Samsung Admire,2011,GPS
Samsung ATIV Odyssey,2013,GPS
Samsung ATIV Q,2013,GPS
Samsung ATIV S Neo,2013,GPS
Samsung ATIV SE,2014,GPS
Samsung ATIV S,2012,GPS
Samsung ATIV Tab 3,2013,GPS
Samsung ATIV Tab 5,2012,GPS
Samsung ATIV Tab 7,2012,GPS
Samsung ATIV Tab,2012,GPS
Samsung Brightside,2012,GPS
Samsung C3520,2011,GPS
Samsung Captivate Glide,2011,GPS
Samsung Champ,2010,GPS
Samsung Convoy 2,2011,GPS
Samsung Convoy 3,2013,GPS
Samsung Dart,2011,GPS
Samsung DoubleTime,2011,GPS
Samsung E1195,2011,GPS
Samsung Entro,2012,GPS
Samsung Epic 4G Touch,2011,GPS
Samsung Epic 4G,2010,GPS
Samsung Exhibit 4G,2011,GPS
Samsung Exhibit II 4G,2011,GPS
Samsung Exhilarate,2012,GPS
Samsung Focus 2,2012,GPS
Samsung Focus Flash,2011,GPS
Samsung Focus S,2011,GPS
Samsung Freeform III,2011,GPS
Samsung Galaxy A3 (2016),2016,GPS
Samsung Galaxy A3 (2017),2017,GPS
Samsung Galaxy A3,2014,GPS
Samsung Galaxy A5 (2016),2016,GPS
Samsung Galaxy A5 (2017),2017,GPS
Samsung Galaxy A5,2014,GPS
Samsung Galaxy A7 (2016),2015,GPS
Samsung Galaxy A7 (2017),2017,GPS
Samsung Galaxy A7,2015,GPS
Samsung Galaxy A8 (2016),2016,GPS
Samsung Galaxy A8 (2018),2017,GPS
Samsung Galaxy A8+ (2018),2017,GPS
Samsung Galaxy A8,2015,GPS
Samsung Galaxy A9 (2016),2016,GPS
Samsung Galaxy A9 Pro (2016),2016,GPS
Samsung GALAXY Ace 2,2012,GPS
Samsung Galaxy Ace 3,2013,GPS
Samsung Galaxy Ace 4,2014,GPS
Samsung Galaxy Ace NXT,2014,GPS
Samsung Galaxy Ace Plus,2012,GPS
Samsung Galaxy Ace Style,2014,GPS
Samsung Galaxy Ace,2011,GPS
Samsung Galaxy Alpha,2014,GPS
Samsung Galaxy Amp 2,2016,GPS
Samsung Galaxy Amp Prime 2,2017,GPS
Samsung Galaxy Appeal,2012,GPS
Samsung Galaxy Attain 4G,2012,GPS
Samsung Galaxy Avant,2014,GPS
Samsung Galaxy Axiom,2012,GPS
Samsung Galaxy Beam 2,2014,GPS
Samsung Galaxy Beam,2012,GPS
Samsung Galaxy Book 10.6-inch,2017,GPS
Samsung Galaxy Book 12-inch,2017,GPS
Samsung Galaxy C5,2016,GPS
Samsung Galaxy C7 Pro,2017,GPS
Samsung Galaxy C7,2016,GPS
Samsung Galaxy C9 Pro,2017,GPS
Samsung Galaxy Chat,2012,GPS
Samsung Galaxy Core Advance,2014,GPS
Samsung Galaxy Core LTE,2014,GPS
Samsung Galaxy Core Plus,2013,GPS
Samsung Galaxy Core Prime,2014,GPS
Samsung Galaxy Core,2013,GPS
Samsung Galaxy E5,2015,GPS
Samsung Galaxy E7,2015,GPS
Samsung Galaxy Exhibit,2013,GPS
Samsung Galaxy Express 2,2013,GPS
Samsung Galaxy Express 3,2016,GPS
Samsung Galaxy Express I437,2012,GPS
Samsung Galaxy Express Prime 2,2017,GPS
Samsung Galaxy Express Prime,2016,GPS
Samsung Galaxy Express,2013,GPS
Samsung Galaxy Fame,2013,GPS
Samsung Galaxy Golden,2013,GPS
Samsung Galaxy Grand 2,2013,GPS
Samsung Galaxy Grand Max,2015,GPS
Samsung Galaxy Grand Neo Plus,2015,GPS
Samsung Galaxy Grand Neo,2014,GPS
Samsung Galaxy Grand Prime,2014,GPS
Samsung Galaxy Grand,2013,GPS
Samsung Galaxy J1 (2016),2016,GPS
Samsung Galaxy J1,2015,GPS
Samsung Galaxy J2 (2016),2016,GPS
Samsung Galaxy J2 (2017),2017,GPS
Samsung Galaxy J3 (2017) International,2017,GPS
Samsung Galaxy J3 (2017),2017,GPS
Samsung Galaxy J3 Emerge,2017,GPS
Samsung Galaxy J3 Prime,2017,GPS
Samsung Galaxy J3 V,2016,GPS
Samsung Galaxy J5 (2016),2016,GPS
Samsung Galaxy J5 (2017),2017,GPS
Samsung Galaxy J5,2015,GPS
Samsung Galaxy J7 (2016),2016,GPS
Samsung Galaxy J7 (2017),2017,GPS
Samsung Galaxy J7 Max,2017,GPS
Samsung Galaxy J7 Perx,2017,GPS
Samsung Galaxy J7 Prime,2016,GPS
Samsung Galaxy J7 V,2017,GPS
Samsung Galaxy J7,2015,GPS
Samsung Galaxy K zoom,2014,GPS
Samsung Galaxy M Pro,2011,GPS
Samsung Galaxy Mega 2,2014,GPS
Samsung Galaxy Mega 5.8,2013,GPS
Samsung Galaxy Mega 6.3,2013,GPS
Samsung GALAXY mini 2,2012,GPS
Samsung GALAXY mini,2011,GPS
Samsung GALAXY Music,2012,GPS
Samsung GALAXY Nexus CDMA,2011,GPS
Samsung GALAXY Nexus Sprint,2012,GPS
Samsung GALAXY Nexus,2011,GPS
Samsung GALAXY Note 10.1 (2014 Edition),2013,GPS
Samsung GALAXY Note 10.1,2012,GPS
Samsung GALAXY Note 10.1 LTE,2013,GPS
Samsung Galaxy Note 3 Neo,2014,GPS
Samsung Galaxy Note 3,2013,GPS
Samsung Galaxy Note 4,2014,GPS
Samsung Galaxy Note 5,2015,GPS
Samsung Galaxy Note 7,2016,GPS
Samsung Galaxy Note 8.0,2013,GPS
Samsung Galaxy Note 8,2017,GPS
Samsung Galaxy Note Edge,2014,GPS
Samsung Galaxy Note Fan Edition,2017,GPS
Samsung GALAXY Note II AT&amp;T,2012,GPS
Samsung GALAXY Note II Sprint,2012,GPS
Samsung GALAXY Note II T-Mobile,2012,GPS
Samsung GALAXY Note II US Cellular,2012,GPS
Samsung GALAXY Note II Verizon,2012,GPS
Samsung GALAXY Note II,2012,GPS
Samsung GALAXY Note LTE,2012,GPS
Samsung GALAXY Note T-Mobile,2012,GPS
Samsung Galaxy NotePRO 12.2,2014,GPS
Samsung GALAXY Note,2011,GPS
Samsung Galaxy On Nxt,2016,GPS
Samsung Galaxy On7,2015,GPS
Samsung Galaxy On8,2016,GPS
Samsung Galaxy Player 5,2011,GPS
Samsung Galaxy Pocket 2,2014,GPS
Samsung Galaxy Pocket Duos,2012,GPS
Samsung Galaxy Pocket Neo,2013,GPS
Samsung Galaxy Pocket,2012,GPS
Samsung Galaxy Premier,2012,GPS
Samsung Galaxy Reverb,2012,GPS
Samsung Galaxy Rugby Pro,2012,GPS
Samsung Galaxy Rush,2012,GPS
Samsung Galaxy R,2011,GPS
Samsung GALAXY S Advance,2012,GPS
Samsung Galaxy S Blaze 4G,2012,GPS
Samsung Galaxy S Duos,2012,GPS
Samsung Galaxy S II AT&amp;T,2011,GPS
Samsung Galaxy S II CDMA,2012,GPS
Samsung Galaxy S II LTE,2011,GPS
Samsung GALAXY S II Plus,2013,GPS
Samsung Galaxy S II Skyrocket HD,2012,GPS
Samsung Galaxy S II Skyrocket,2011,GPS
Samsung Galaxy S II T-Mobile,2011,GPS
Samsung Galaxy S III AT&amp;T,2012,GPS
Samsung Galaxy S III MetroPCS,2012,GPS
Samsung Galaxy S III mini Value Edition,2014,GPS
Samsung Galaxy S III mini,2012,GPS
Samsung Galaxy S III Sprint,2012,GPS
Samsung Galaxy S III T-Mobile,2012,GPS
Samsung Galaxy S III Verizon,2012,GPS
Samsung Galaxy S III,2012,GPS
Samsung Galaxy S II,2011,GPS
Samsung Galaxy S Lightray 4G,2012,GPS
Samsung Galaxy S Relay 4G,2012,GPS
Samsung GALAXY S WiFi 4.0,2011,GPS
Samsung Galaxy S3 Neo,2014,GPS
Samsung Galaxy S3 Slim,2014,GPS
Samsung Galaxy S4 Active,2013,GPS
Samsung Galaxy S4 mini,2013,GPS
Samsung Galaxy S4 Zoom,2013,GPS
Samsung Galaxy S4,2013,GPS
Samsung Galaxy S5 Active,2014,GPS
Samsung Galaxy S5 mini,2014,GPS
Samsung Galaxy S5 Neo,2015,GPS
Samsung Galaxy S5 Sport,2014,GPS
Samsung Galaxy S5,2014,GPS
Samsung Galaxy S6 Active,2015,GPS
Samsung Galaxy S6 edge,2015,GPS
Samsung Galaxy S6 edge+,2015,GPS
Samsung Galaxy S6,2015,GPS
Samsung Galaxy S7 active,2016,GPS
Samsung Galaxy S7 edge,2016,GPS
Samsung Galaxy S7,2016,GPS
Samsung Galaxy S8 Active,2017,GPS
Samsung Galaxy S8,2017,GPS
Samsung Galaxy S8+,2017,GPS
Samsung Galaxy Spica,2009,GPS
Samsung GALAXY Star,2013,GPS
Samsung Galaxy Stellar,2012,GPS
Samsung Galaxy Stratosphere II,2012,GPS
Samsung Galaxy S,2010,GPS
Samsung GALAXY Tab 10.1 T-Mobile,2011,GPS
Samsung GALAXY Tab 8.9 LTE,2011,GPS
Samsung GALAXY Tab 10.1 Wi-Fi,2011,GPS
Samsung GALAXY Tab 10.1 LTE,2011,GPS
Samsung GALAXY Tab 10.1,2011,GPS
Samsung GALAXY Tab 8.9,2011,GPS
Samsung GALAXY Tab 10.1v,2011,GPS
Samsung Galaxy Tab 2 10.1,2012,GPS
Samsung Galaxy Tab 2 10.1 (AT&amp;T),2012,GPS
Samsung Galaxy Tab 2 (10.1),2012,GPS
Samsung GALAXY Tab 2 (7.0),2012,GPS
Samsung GALAXY Tab 2 (7.0) LTE,2012,GPS
Samsung Galaxy Tab 3 10.1-inch,2013,GPS
Samsung Galaxy Tab 3 7.0,2013,GPS
Samsung Galaxy Tab 3 8-inch,2013,GPS
Samsung GALAXY Tab 3 Kids,2013,GPS
Samsung Galaxy Tab 4 10.1,2014,GPS
Samsung Galaxy Tab 4 7.0,2014,GPS
Samsung Galaxy Tab 4 8.0,2014,GPS
Samsung Galaxy Tab 4G LTE,2011,GPS
Samsung GALAXY Tab 7.0 Plus,2011,GPS
Samsung Galaxy Tab 7.7,2011,GPS
Samsung Galaxy Tab 7.7 LTE,2012,GPS
Samsung Galaxy Tab A (2016),2016,GPS
Samsung Galaxy Tab A (2017),2017,GPS
Samsung Galaxy Tab A 8.0,2015,GPS
Samsung Galaxy Tab A 9.7,2015,GPS
Samsung Galaxy Tab Active 2,2017,GPS
Samsung Galaxy Tab Active,2014,GPS
Samsung Galaxy Tab AT&amp;T,2010,GPS
Samsung Galaxy Tab CDMA,2010,GPS
Samsung Galaxy Tab E,2015,GPS
Samsung Galaxy Tab Pro 10.1,2014,GPS
Samsung Galaxy Tab Pro 12.2,2014,GPS
Samsung Galaxy Tab Pro 8.4,2014,GPS
Samsung Galaxy Tab S 10.5,2014,GPS
Samsung Galaxy Tab S 8.4,2014,GPS
Samsung Galaxy Tab S2 8.0-inch,2015,GPS
Samsung Galaxy Tab S2 9.7-inch,2015,GPS
Samsung Galaxy Tab S3,2017,GPS
Samsung Galaxy Tab T-Mobile,2010,GPS
Samsung Galaxy TabPro S,2016,GPS
Samsung Galaxy Tab,2010,GPS
Samsung Galaxy Trend Plus,2013,GPS
Samsung Galaxy V Plus,2015,GPS
Samsung Galaxy Victory 4G LTE,2012,GPS
Samsung Galaxy View,2015,GPS
Samsung Galaxy V,2014,GPS
Samsung Galaxy Win,2013,GPS
Samsung GALAXY W,2011,GPS
Samsung Galaxy Xcover 2,2013,GPS
Samsung Galaxy XCover 3,2015,GPS
Samsung Galaxy Xcover 4,2017,GPS
Samsung Galaxy Xcover,2011,GPS
Samsung Galaxy Y DUOS,2011,GPS
Samsung Galaxy Y Pro DUOS,2011,GPS
Samsung Galaxy Y Pro,2011,GPS
Samsung Galaxy Young 2,2014,GPS
Samsung Galaxy Young,2013,GPS
Samsung Galaxy Y,2011,GPS
Samsung Gravity Q,2013,GPS
Samsung Gravity SMART,2011,GPS
Samsung Gravity TXT,2011,GPS
Samsung Gravity,2008,GPS
Samsung Illusion,2011,GPS
Samsung Infuse 4G,2011,GPS
Samsung Intensity III,2012,GPS
Samsung M370,2012,GPS
Samsung M400,2012,GPS
Samsung Memoir,2009,GPS
Samsung Omnia M,2012,GPS
Samsung Omnia W,2011,GPS
Samsung OmniaPRO B7610,2009,GPS
Samsung Pixon12,2009,GPS
Samsung Rex 60,2013,GPS
Samsung Rex 70,2013,GPS
Samsung Rex 80,2013,GPS
Samsung Rex 90,2013,GPS
Samsung Rugby III,2012,GPS
Samsung Rugby Smart,2012,GPS
Samsung SGH-G800,2007,GPS
Samsung SGH-G810,2008,GPS
Samsung SGH-P860,2005,GPS
Samsung SGH-P960,2008,GPS
Samsung Star 3 DUOS,2012,GPS
Samsung Star 3,2012,GPS
Samsung Stratosphere,2011,GPS
Samsung Transfix,2011,GPS
Samsung Transform Ultra,2011,GPS
Samsung Wave 3,2011,GPS
Samsung Wave 575,2010,GPS
Samsung Wave 578,2011,GPS
Samsung Z1,2015,GPS
Samsung Z2,2016,GPS
Samsung Z3,2015,GPS
Samsung Z4,2017,GPS
Sanyo Incognito SCP-6760,2009,GPS
Sanyo Katana Eclipse X,2008,GPS
Sanyo PRO-200,2008,GPS
Sanyo PRO-700,2008,GPS
Sanyo SCP-2400,2006,GPS
Sanyo SCP-2700,2009,GPS
Sanyo SCP-7050,2007,GPS
Sanyo SCP-8400,2006,GPS
Sanyo Taho,2010,GPS
Sanyo Vero,2010,GPS
Sharp FX,2010,GPS
Siemens A31,2005,GPS
Siemens AF51,2005,GPS
Siemens AL21,2005,GPS
Siemens CC75,2005,GPS
Siemens CF110,2005,GPS
Siemens CF76 / CF75,2005,GPS
Siemens CL75,2005,GPS
Siemens CX75,2005,GPS
Siemens M75,2005,GPS
Siemens S75,2005,GPS
Siemens SL75,2005,GPS
Siemens SP65,2005,GPS
Siemens SXG75,2005,GPS
Sonim XP STRIKE,2012,GPS
Sonim XP1300 CORE,2010,GPS
Sonim XP6,2014,GPS
Sonim XP7,2014,GPS
Sony Ericsson Aspen a,2010,GPS
Sony Ericsson Aspen,2010,GPS
Sony Ericsson Cedar a,2010,GPS
Sony Ericsson Cedar,2010,GPS
Sony Ericsson Live with Walkman,2011,GPS
Sony Ericsson Mix Walkman,2011,GPS
Sony Ericsson Spiro a,2010,GPS
Sony Ericsson Spiro,2010,GPS
Sony Ericsson txt pro,2011,GPS
Sony Ericsson txt,2011,GPS
Sony Ericsson Vivaz a,2010,GPS
Sony Ericsson Vivaz pro a,2010,GPS
Sony Ericsson Vivaz pro,2010,GPS
Sony Ericsson Vivaz,2010,GPS
Sony Ericsson W8 Walkman,2011,GPS
Sony Ericsson Xperia active,2011,GPS
Sony Ericsson Xperia arc S,2011,GPS
Sony Ericsson Xperia arc,2011,GPS
Sony Ericsson Xperia mini pro,2011,GPS
Sony Ericsson Xperia mini,2011,GPS
Sony Ericsson Xperia neo V,2011,GPS
Sony Ericsson Xperia neo,2011,GPS
Sony Ericsson Xperia PLAY 4G,2011,GPS
Sony Ericsson Xperia PLAY CDMA,2011,GPS
Sony Ericsson Xperia PLAY,2011,GPS
Sony Ericsson Xperia pro,2011,GPS
Sony Ericsson Xperia ray,2011,GPS
Sony Ericsson Xperia X10 mini a,2010,GPS
Sony Ericsson Xperia X10 mini pro a,2010,GPS
Sony Ericsson Xperia X10 mini pro,2010,GPS
Sony Ericsson Xperia X10 mini,2010,GPS
Sony Ericsson Xperia X8a,2010,GPS
Sony Ericsson Xperia X8,2010,GPS
Sony Ericsson Yendo a,2010,GPS
Sony Ericsson Yendo,2010,GPS
Sony Ericsson Zylo,2010,GPS
Sony Tablet P,2011,GPS
Sony Tablet S,2011,GPS
Sony Xperia acro S,2012,GPS
Sony Xperia advance,2012,GPS
Sony Xperia C3,2014,GPS
Sony Xperia C4,2015,GPS
Sony Xperia C5 Ultra,2015,GPS
Sony Xperia C,2013,GPS
Sony Xperia E dual,2012,GPS
Sony Xperia E1,2014,GPS
Sony Xperia E3,2014,GPS
Sony Xperia E4g,2015,GPS
Sony Xperia E4,2015,GPS
Sony Xperia E5,2016,GPS
Sony Xperia E,2012,GPS
Sony Xperia go,2012,GPS
Sony Xperia GX,2012,GPS
Sony Xperia ion,2012,GPS
Sony Xperia J,2012,GPS
Sony Xperia L1,2017,GPS
Sony Xperia L,2013,GPS
Sony Xperia M2 Aqua,2014,GPS
Sony Xperia M2,2014,GPS
Sony Xperia M4 Aqua,2015,GPS
Sony Xperia M5,2015,GPS
Sony Xperia miro,2012,GPS
Sony Xperia M,2013,GPS
Sony Xperia P,2012,GPS
Sony Xperia SL,2012,GPS
Sony Xperia sola,2012,GPS
Sony Xperia SP,2013,GPS
Sony Xperia SX,2012,GPS
Sony Xperia S,2012,GPS
Sony Xperia T2 Ultra,2014,GPS
Sony Xperia T3,2014,GPS
Sony Xperia Tablet S,2012,GPS
Sony Xperia Tablet Z,2013,GPS
Sony Xperia tipo dual,2012,GPS
Sony Xperia tipo,2012,GPS
Sony Xperia TL,2012,GPS
Sony Xperia TX,2012,GPS
Sony Xperia T,2012,GPS
Sony Xperia U,2012,GPS
Sony Xperia V,2012,GPS
Sony Xperia X Compact,2016,GPS
Sony Xperia X Performance,2016,GPS
Sony Xperia XA Ultra,2016,GPS
Sony Xperia XA1 Plus,2017,GPS
Sony Xperia XA1 Ultra,2017,GPS
Sony Xperia XA1,2017,GPS
Sony Xperia XA,2016,GPS
Sony Xperia XZ Premium,2017,GPS
Sony Xperia XZ1 Compact,2017,GPS
Sony Xperia XZ1,2017,GPS
Sony Xperia XZs,2017,GPS
Sony Xperia XZ,2016,GPS
Sony Xperia X,2016,GPS
Sony Xperia Z Ultra,2013,GPS
Sony Xperia Z1 Compact,2014,GPS
Sony Xperia Z1,2013,GPS
Sony Xperia Z2 Tablet,2014,GPS
Sony Xperia Z2,2014,GPS
Sony Xperia Z3 Compact,2014,GPS
Sony Xperia Z3 Tablet Compact,2014,GPS
Sony Xperia Z3v,2014,GPS
Sony Xperia Z3,2014,GPS
Sony Xperia Z3+,2015,GPS
Sony Xperia Z4 Tablet,2015,GPS
Sony Xperia Z4v,2015,GPS
Sony Xperia Z5 Compact,2015,GPS
Sony Xperia Z5 Premium,2015,GPS
Sony Xperia Z5,2015,GPS
Sony Xperia ZL,2013,GPS
Sony Xperia ZR,2013,GPS
Sony Xperia Z,2013,GPS
Sprint Force,2013,GPS
T-Mobile Concord,2012,GPS
T-Mobile Dash 3G,2009,GPS
T-Mobile G-Slate,2011,GPS
T-Mobile G1,2008,GPS
T-Mobile G2x,2011,GPS
T-Mobile myTouch 2,2012,GPS
T-Mobile myTouch 3G Fender,2009,GPS
T-Mobile myTouch 3G Slide,2010,GPS
T-Mobile myTouch 3G,2009,GPS
T-Mobile myTouch 4G Slide,2011,GPS
T-Mobile myTouch 4G,2010,GPS
T-Mobile myTouch Q 2,2012,GPS
T-Mobile myTouch Q,2011,GPS
T-Mobile myTouch,2011,GPS
T-Mobile Prism,2012,GPS
T-Mobile Pulse,2009,GPS
T-Mobile Revvl Plus,2017,GPS
T-Mobile REVVL,2017,GPS
T-Mobile Shadow,2009,GPS
T-Mobile Sidekick LX,2007,GPS
T-Mobile Sidekick LX,2009,GPS
T-Mobile Sidekick Slide,2007,GPS
T-Mobile Sidekick,2008,GPS
T-Mobile SpringBoard,2011,GPS
T-Mobile Tap,2009,GPS
T-Mobile Vivacity,2011,GPS
TerreStar Genus,2010,GPS
Toshiba AT200-100,2011,GPS
Toshiba Encore 2 10.1-inch,2014,GPS
Toshiba Encore 2 8-inch,2014,GPS
Toshiba Excite 10 LE,2011,GPS
Toshiba Excite 10,2012,GPS
Toshiba Excite 13,2012,GPS
Toshiba Excite 7.7,2012,GPS
Toshiba Excite Go,2014,GPS
Toshiba K01,2010,GPS
Toshiba PORTEGE G500,2007,GPS
Toshiba PORTEGE G710,2008,GPS
Toshiba Portege G810,2008,GPS
Toshiba PORTEGE G900,2007,GPS
Toshiba PORTEGE G910,2008,GPS
Toshiba TG02,2010,GPS
Toshiba Thrive 7 Tablet,2011,GPS
Velocity 103,2008,GPS
Velocity 111,2008,GPS
Verizon Wireless Blitz,2008,GPS
Verizon Wireless CASIO G'zOne Brigade,2010,GPS
Verizon Wireless Casio Gâ€™zOne Ravine,2010,GPS
Verizon Wireless Casio G'zOne Rock C731,2009,GPS
Verizon Wireless CDM8975,2009,GPS
Verizon Wireless Ellipsis 10,2015,GPS
Verizon Wireless Ellipsis 7,2013,GPS
Verizon Wireless Ellipsis 8 HD,2016,GPS
Verizon Wireless Razzle,2009,GPS
Vertu Signature Touch (2015),2015,GPS
ViewSonic ViewPad 10e,2012,GPS
ViewSonic ViewPad 10pi,2012,GPS
ViewSonic ViewPad E100,2012,GPS
ViewSonic ViewPad G70,2012,GPS
ViewSonic ViewPhone 3,2012,GPS
ViewSonic ViewPhone 4e,2012,GPS
ViewSonic ViewPhone 4s,2012,GPS
ViewSonic ViewPhone 5e,2012,GPS
vivo X5 Max,2014,GPS
VIZIO VIA Phone,2011,GPS
Xiaomi Mi 4c,2015,GPS
Xiaomi Mi 4i,2015,GPS
Xiaomi Mi 4s,2016,GPS
Xiaomi Mi 4,2014,GPS
Xiaomi Mi 5c,2017,GPS
Xiaomi Mi 5s Plus,2016,GPS
Xiaomi Mi 5s,2016,GPS
Xiaomi Mi 5,2016,GPS
Xiaomi Mi 6,2017,GPS
Xiaomi Mi A1,2017,GPS
Xiaomi Mi Max 2,2017,GPS
Xiaomi Mi Max,2016,GPS
Xiaomi Mi MIX 2,2017,GPS
Xiaomi Mi MIX,2016,GPS
Xiaomi Mi Note 2,2016,GPS
Xiaomi Mi Note 3,2017,GPS
Xiaomi Mi Note Pro,2015,GPS
Xiaomi Mi Note,2015,GPS
Xiaomi Mi Pad 2,2015,GPS
Xiaomi MiPad,2014,GPS
Xiaomi Redmi 2 Prime,2015,GPS
Xiaomi Redmi 3 Pro,2016,GPS
Xiaomi Redmi 3S,2016,GPS
Xiaomi Redmi 3,2016,GPS
Xiaomi Redmi 4 Prime,2016,GPS
Xiaomi Redmi 4a,2016,GPS
Xiaomi Redmi 4X,2017,GPS
Xiaomi Redmi 4,2016,GPS
Xiaomi Redmi 5 Plus,2017,GPS
Xiaomi Redmi 5,2017,GPS
Xiaomi Redmi Note 2,2015,GPS
Xiaomi Redmi Note 3,2015,GPS
Xiaomi Redmi Note 4X,2017,GPS
Xiaomi Redmi Note 4,2017,GPS
Xiaomi Redmi Note Prime,2015,GPS
Xiaomi Redmi Pro,2016,GPS
Xiaomi Redmi Y1 Lite,2017,GPS
Xiaomi Redmi Y1,2017,GPS
Yota YotaPhone 2,2014,GPS
ZTE Anthem 4G,2012,GPS
ZTE Avid Plus,2016,GPS
ZTE Axon 7 Mini,2016,GPS
ZTE Axon 7,2016,GPS
ZTE Axon Mini,2015,GPS
ZTE Axon M,2017,GPS
ZTE Axon Pro,2015,GPS
ZTE Axon,2015,GPS
ZTE Blade Force,2017,GPS
ZTE Blade Max 3,2017,GPS
ZTE Blade S6,2015,GPS
ZTE Blade Spark,2017,GPS
ZTE Blade V6,2015,GPS
ZTE Blade V7 Lite,2016,GPS
ZTE Blade V7,2016,GPS
ZTE Blade V8 Lite,2017,GPS
ZTE Blade V8 Mini,2017,GPS
ZTE Blade V8 Pro,2017,GPS
ZTE Blade V8,2017,GPS
ZTE Blade Vantage,2017,GPS
ZTE Blade X Max,2017,GPS
ZTE Blade X,2017,GPS
ZTE Blade Z Max,2017,GPS
ZTE Blade,2010,GPS
ZTE Chorus,2011,GPS
ZTE Engage,2012,GPS
ZTE Era,2012,GPS
ZTE Fury,2012,GPS
ZTE Grand S,2013,GPS
ZTE Grand X 3,2016,GPS
ZTE Grand X 4,2016,GPS
ZTE Grand X Max 2,2016,GPS
ZTE Grand X Max+,2015,GPS
ZTE Maven 3,2017,GPS
ZTE Maven,2015,GPS
ZTE Max XL,2017,GPS
ZTE Max,2014,GPS
ZTE Max+,2015,GPS
ZTE Memo,2011,GPS
ZTE Obsidian,2015,GPS
ZTE Open C,2014,GPS
ZTE Optik 2,2014,GPS
ZTE Optik,2012,GPS
ZTE PF200,2012,GPS
ZTE Prestige 2,2017,GPS
ZTE Prestige,2015,GPS
ZTE Render,2012,GPS
ZTE Tempo X,2017,GPS
ZTE Tempo,2016,GPS
ZTE V81,2013,GPS
ZTE V96,2012,GPS
ZTE V9S,2012,GPS
ZTE Vital,2013,GPS
ZTE Warp 7,2016,GPS
ZTE Warp Elite,2015,GPS
ZTE Warp Sequent,2012,GPS
ZTE Warp,2011,GPS
ZTE ZMAX 2,2015,GPS
ZTE ZMAX,2014,GPS
Huawei Honor 5X,2015,GPS
LGE V20,2016,GPS
LGE Nexus 5,2013,GPS
LGE Nexus 5X,2013,GPS
Motorola Moto G (3rd Gen),2015,BDS
Samsung Nexus 10,2012,GPS
Samsung Galaxy J3(2016),2016,BDS
Samsung Galaxy J3(2017),2017,GPS
Asus Nexus 7 (2012),2012,GPS
Asus ZenFone Go (ZC500TG),2015,GPS
HTC Nexus 9,2014,GPS
Huawei Nexus 6P,2015,GPS
Huawei G9,2016,BDS
Samsung Galaxy A3(2016),2016,GPS
Samsung Galaxy TabS 8.4,2014,BDS
LGE LG G5 SE,2016,GPS
HTC One Google Play edition,2013,GPS
Samsung Galaxy S7 Edge,2016,BDS
Samsung Galaxy J7(2016),2016,BDS
Samsung Galaxy S5 mini LTE,2014,GPS
LGE LG G6,2017,BDS
Huawei Honor 8,2016,BDS
Sony Xperia Z5 Premium,2015,BDS
Huawei P10 Plus,2017,BDS
LGE LG K5,2016,GPS
Huawei P8 Lite,2015,GPS
Samsung Galaxy S6,2015,BDS
Samsung Galaxy S5 Mini,2014,GPS
Huawei Y530,2014,GPS
Samsung Galaxy S6 Edge+,2015,BDS
Samsung Galaxy S5,2014,BDS
Samsung Galaxy S8+,2017,BDS
Huawei P8 lite 2017,2017, GPS
Samsung Galaxy A5(2016),2016,GPS
Samsung Galaxy S4,2013,GPS
Samsung Galaxy J5(2017),2017,BDS
Motorola Moto G (5) Plus,2017,GPS
Huawei P10 lite,2017,GPS
Samsung Galaxy S5 Dual SIM,2014,BDS
Samsung Galaxy Tab S2 9.7,2015,GPS
Samsung Galaxy Grand Neo Plus,2014,GPS
Samsung Galaxy S8+,2017,BDS
Motorola Moto Z (2) Force,2017,GPS
Asus ZenFone 2 Laser (ZE550KL),2015,GPS
LGE LG G Pad 8.3 LTE,2014,GPS
LGE LG X power,2016,GPS
Samsung Galaxy A5,2014,BDS
Samsung Galaxy Note3 Duos,2013,GPS
Asus ZenFone 4 Max (ZC554KL),2017,BDS
Huawei Mate 10 Pro,2017,BDS
Asus ZenPad 10 (Z300CG),2015,GPS
Samsung Galaxy Tab4 8.0,2014,GPS
Asus ZenFone Go (ZC500TG),2015,GPS
Asus ZenFone 3 (ZE520KL),2016,BDS
Lenovo A7600-F,2014,GPS
LGE LG G4,2015,GPS
Huawei G7-L01,2014,GPS
Samsung Galaxy A7(2017),2017,BDS
Samsung Galaxy J5(2016),2016,GPS
Samsung Galaxy J7(2017),2017,BDS
Samsung Galaxy Note8,2017,BDS
Samsung Galaxy TabS 10.5,2014,BDS
Samsung Galaxy Tab3 8.0,2013,GPS
Samsung Galaxy S6 Edge,2015,BDS
Samsung Galaxy S3 Neo Plus,2014,GPS
Samsung Galaxy S4 Mini,2013,GPS
Samsung Galaxy Note4,2014,BDS
Huawei Y560-L03,2015,GPS
Huawei nova lite,2017,GPS
Huawei honor 6x,2016,BDS
Huawei Honor 9,2017,BDS
Lenovo YogaTbalet2-830F,2014,GPS
Lenovo VIBE K6,2017,GPS
OnePlus OnePlus5T,2017,BDS
OnePlus OnePlus3,2016,BDS
Wiko RIDGE 4G,2015,GPS
Vodafone VDF 600,2016,GPS
TCT (Alcatel),ALCATEL ONETOUCH PIXI 3 (4.5),2015,GPS
LGE LG K10 LTE,2016,GPS
LGE LG Prime II,2015,GPS
Samsung Galaxy Tab A 10.1,2016,GPS
Samsung Galaxy S8+,2017,BDS
Xiaomi Mi 5s,2016,BDS
Xiaomi Mi A1,2017,BDS
Samsung Galaxy Grand Prime,2014,BDS
Huawei P9,2016,BDS
Huawei P10,2017,BDS
LGE LG G Flex2,2015,GPS
Huawei GX8,2015,GPS
TCT (Alcatel) Alcatel_5045A,2016,GPS
Samsung Galaxy Tab2 10.1,2012,GPS
Xiaomi MI6,2017,BDS
Wiko Lenny4,2017,GPS
Huawei nova 2i,2017,BDS
Samsung Galaxy TabS3,2017,BDS
Wiko FEVER,2014,GPS
LGE LG G3,2014,GPS
Samsung Galaxy Tab S2 8.0,2014,GPS
LGE LG G5,2016,BDS
LGE LG Q6,2017,BDS
Huawei honor 6C,2017,GPS
Samsung Galaxy A5(2017),2017,BDS